mutation,fake_lable,1,2,3,4,5,6,7,8,9,10,11,12,13,14,15,16,17,18,19,20,21,22,23,24,25,26,27,28,29,30,31,32,33,34,35,36,37,38,39,40,41,42,43,44,45,46,47,48,49,50,51,52,53,54,55,56,57,58,59,60,61,62,63,64,65,66,67,68,69,70,71,72,73,74,75,76,77,78,79,80,81,82,83,84,85,86,87,88,89,90,91,92,93,94,95,96
G106A,1,0,0,0,0,-0.11609962,-0.1387399,0,0,0,0,0,0,0,0,-0.2596283,0,0,0.0519486499999999,-0.2187876,0,0.09093657,-0.18032072,0,-0.14608435,0,0,0,0,-0.033676248,-0.21851213,0,0.3126736700000001,0,-0.0225545,0,0,0,-0.01857277,-0.02601934,0.0302393999999999,0,0,-0.00867225,-0.01994765,-0.00440895,0,-0.03975325,-0.00834543,0,-0.0386513,0,0,-0.0800531,-0.006589,0,0,-0.00110174,0.0047467000000001,0,0.0038930999999999,0.0023401999999999,0,-0.00853844,0,-9.98E-06,-0.0489233,-0.000115207,0,0,-0.0430004,-0.0540771,-0.0517941,-8.60E-07,-8.94E-06,-0.0667218,-0.0440138,-0.0467802,-1.47E-07,-0.0605157,-0.072551,0,-0.0427482,-1.37E-05,-0.00017135,-0.0577519,-0.0497704,0,-2.50E-05,-0.056278,-0.0474153,0,-0.0618009,-0.0468706,-1.37E-06,-0.0499999,0
G106C,1,0,0,0,0,0.01749707,-0.56484953,0,0,0,0,0,0,0,0,-0.2438364,0,0,-0.10458355,0.2067166,0,0.28426966,-0.09128549,0,0.0384546499999999,0,0,0,0,-0.033676248,-0.28403117,0,0.1364583699999999,0,-0.24983708,0,0,0,-0.18042793,-0.1633643,-0.17062115,0,0,-0.14960165,-0.14579424,-0.12991344,0,-0.17371127,-0.24697747,0,-0.13751123,0,0,-0.1867149,-0.18465457,0,0,-0.20395903,-0.09337535,0,-0.21757716,-0.23274914,0,-0.12945974,0,-0.000121372,-0.4437232,-0.00133135,0,0,-0.3894902,-0.490174,-0.4718445,-6.94E-06,-9.02E-05,-0.6055523,-0.3993603,-0.4252327,-3.42E-06,-0.5500157,-0.6591639,0,-0.3881317,-0.000142537,-0.002115639,-0.5225419,-0.4516461,0,-0.000322553,-0.5105936,-0.4301236,0,-0.5620438,-0.4266326,-1.25E-05,-0.453967,0
G106D,1,0,0,0,0,-0.06817605,-0.177078,0,0,0,0,0,0,0,0,-0.020997,0,0,0.1518488499999999,0.2188612000000001,0,0.10072967,0.13387926,0,-0.19258049,0,0,0,0,-0.033676248,-0.0033158,0,0.3191217699999999,0,0.0459033399999999,0,0,0,0.0311124999999999,0.0236145799999999,0.0748868999999999,0,0,0.0803888999999999,0.0106232499999999,0.03820336,0,0.00996089,0.06617793,0,-0.0241673,0,0,0.0127272,0.0495308999999999,0,0,0.03947144,0.05944476,0,0.0695983,0.07060864,0,0.03029866,0,1.6700089999999992e-05,0.0817567000000001,0.0002067353999999,0,0,0.0717305999999999,0.0902370999999999,0.0870216000000001,6.817230000000002e-07,8.68825e-06,0.1117999000000002,0.0735295999999998,0.0784154000000001,7.55328000000001e-07,0.1012935999999999,0.121423,0,0.0714612000000001,1.6050700000000005e-05,0.000353777,0.0962841000000001,0.0832151000000001,0,4.707990000000009e-05,0.0939130000000001,0.0793011999999999,0,0.1035981999999999,0.0787112,1.089991999999996e-06,0.0837258999999999,0
G106E,1,0,0,0,0,-0.519849338,-0.65986612,0,0,0,0,0,0,0,0,-0.8284666,0,0,-0.27565355,0.1426254,0,0.4850376,-0.0176233,0,-0.18165735,0.3454494,0,0,0,-0.033676248,-0.3521485,0,0.2978654700000001,0,-0.4250068,0,0,0,-0.3203224,-0.32788087,-0.16910946,0,0,-0.27184421,-0.2616056,-0.2653617,0,-0.30137413,-0.33919222,0,-0.26847265,0,0,-0.4339766,-0.24520096,0,0,-0.308514,-0.2345058,0,-0.35654384,-0.51238225,0,-0.27761274,0,-0.000185864,-0.7753158,-0.002186691,0,0,-0.68032626,-0.8557426,-0.8229855,-1.15E-05,-0.000143809,-1.056134,-0.6969779,-0.7423775,-5.80E-06,-0.9588083,-1.1495482,0,-0.67732564,-0.000224674,-0.003438879,-0.9124811,-0.7880129,0,-0.00052519,-0.8904733,-0.7511115,0,-0.9805606,-0.7458221,-1.79E-05,-0.7929167,0
G106F,1,0,0,0,0,-0.32611149,-0.06949425,0,0,0,0,0,0,0,0,-0.0830459,0,0,0.19548125,0.2423960000000002,0,0.4563474,0.17789586,0,-0.16387876,0,0,0,0,-0.005954415,-0.10355665,0,0.03450947,0,-0.12049786,0,0,0,-0.09671428,-0.08050657,-0.0120705,0,0,-0.04128185,-0.07027712,-0.08539044,0,-0.05355072,-0.0682174,0,-0.0819402,0,0,-0.1638595,-0.0019841,0,0,-0.0827459,-0.0202122,0,-0.08095986,-0.1644801,0,-0.10214061,0,-4.00E-05,-0.1999207,-0.000526725,0,0,-0.1753211,-0.2203001,-0.2116799,-2.84E-06,-3.40E-05,-0.2714458,-0.1793758,-0.1912034,-1.52E-06,-0.2463084,-0.2955697,0,-0.1743734,-5.03E-05,-0.000827161,-0.2350383,-0.2026312,0,-0.000131934,-0.2288916,-0.193373,0,-0.2522645,-0.1925109,-4.08E-06,-0.2043059,0
G106S,1,0,0,0,0,-0.31663954,-0.36329323,0,0,0,0,0,0,0,0,-0.1704044,0,0,0.02805405,0.4886730000000003,0,0.4207593999999999,0.09108373,0,-0.09906185,0,0,0,0,-0.033676248,-0.0048117,0,0.3456175699999999,0,-0.13953314,0,0,0,-0.1139061,-0.09869337,-0.01903495,0,0,-0.04244495,-0.09330263,-0.09561306,0,-0.07424345,-0.08620632,0,-0.095811,0,0,-0.1673668,-0.0513148,0,0,-0.1028685,-0.0399456,0,-0.12307674,-0.2161987,0,-0.06979744,0,-4.91E-05,-0.2196287,-0.000625043,0,0,-0.1926052,-0.2421307,-0.2326578,-3.62E-06,-4.11E-05,-0.2982598,-0.1971391,-0.2100899,-1.91E-06,-0.2708491,-0.3248794,0,-0.1916065,-6.22E-05,-0.000955493,-0.2581716,-0.2227424,0,-0.000153988,-0.2517122,-0.2124788,0,-0.2773511,-0.2114903,-5.17E-06,-0.224376,0
G106I,1,0,0,0,0,-0.23308473,-0.33642,0,0,0,0,0,0,0,0,-0.3620129,0,0,-0.03750005,0.1051580000000003,0,0.3352509999999999,-0.0110861,0,0.0835774899999999,0,0,0,0,-0.033676248,-0.2342198,0,0.1628807700000001,0,-0.1965984,0,0,0,-0.1622134,-0.11730967,-0.07812962,0,0,-0.1144017,-0.09153193,-0.13251,0,-0.07998905,-0.13769043,0,-0.07926927,0,0,-0.15162983,-0.1075712,0,0,-0.13771946,-0.0719208,0,-0.13434786,-0.24901584,0,-0.07323204,0,-7.35E-05,-0.3049592,-0.000868715,0,0,-0.2675633,-0.3364049,-0.3235252,-4.55E-06,-5.45E-05,-0.4152072,-0.2739341,-0.2919318,-2.45E-06,-0.3768401,-0.4518516,0,-0.2662796,-8.79E-05,-0.001362767,-0.3587163,-0.3097626,0,-0.000211081,-0.3500365,-0.2952799,0,-0.3854828,-0.2934839,-8.27E-06,-0.3117238,0
G106K,1,0,0,0,0,-0.33436861,-0.3310563,0,0,0,0,0,0,0,0,-0.3496502,0,0,0.11823125,0.014555,0,0.4421010999999999,0.05220878,0,0.0986184,0,0,0,0,-0.033676248,-0.19269766,0,0.51241907,0,-0.13063024,0,0,0,-0.1199353,-0.06065393,-0.01268586,0,0,-0.04313705,-0.05336725,-0.09531724,0,-0.01022815,-0.06565792,0,-0.04345945,0,0,-0.11871996,-0.05409083,0,0,-0.04516317,-0.0256274,0,-0.08441705,-0.2077792,0,-0.02031678,0,-3.44E-05,-0.1857238,-0.000476992,0,0,-0.1628306,-0.2045269,-0.1965175,-2.58E-06,-2.72E-05,-0.2520235,-0.1664803,-0.1776031,-1.66E-06,-0.2285898,-0.2743522,0,-0.1618627,-4.07E-05,-0.000749537,-0.2181762,-0.1881597,0,-0.000115919,-0.2123969,-0.1795532,0,-0.2342758,-0.1789527,-3.99E-06,-0.1896697,0
G106L,1,0,0,0,0,-0.01654064,-0.08316135,0,0,0,0,0,0,0,0,-0.1106086,0,0,0.1943550499999999,-0.009531,0,0.2322064,0.0438563,0,0.0608694699999999,0,0,0,0,-0.033676248,-0.12711467,0,0.24947687,0,-0.0132196,0,0,0,-0.0217151,0.0187322299999999,0.0259035999999999,0,0,0.0357080499999999,0.026441,0.0056813,0,0.0582982499999999,0.0137397599999999,0,0.0136009,0,0,0.0209205,0.0087256,0,0,0.0353664,0.0462737,0,0.0468005,0.0032344699999999,0,0.03093866,0,9.001030000000006e-06,0.0256809,9.73329999999998e-05,0,0,0.0225648,0.0285577999999997,0.0275741999999998,8.007689999999994e-07,5.907799999999984e-06,0.0354330000000002,0.0233074999999998,0.0247093,2.458230000000015e-07,0.0322622999999997,0.0384958000000001,0,0.0225778,1.2156760000000036e-05,0.000142907,0.0304107,0.0263580999999999,0,2.0358400000000188e-05,0.0299103999999998,0.0250766,0,0.0328347999999998,0.0246398999999999,1.6707019999999962e-06,0.0263940999999998,0
G106M,1,0,0,0,0,-0.079689,-0.24193174,0,0,0,0,0,0,0,0,0.0159628999999998,0,0,0.0858383499999999,0.2065020000000004,0,0.5063504000000001,0.20434441,0,-0.05446253,0,0,0,0,-0.033676248,-0.23067094,0,0.59216577,0,-0.14418946,0,0,0,-0.13283886,-0.07836657,-0.0342263,0,0,-0.0239845,-0.0575631,-0.0593985,0,-0.0303995,-0.09336371,0,-0.079321,0,0,-0.10114196,-0.0552721,0,0,-0.07990534,-0.0173037,0,-0.0103047,-0.14191476,0,-0.04797504,0,-4.61E-05,-0.1692164,-0.000511133,0,0,-0.1485096,-0.186586,-0.1792889,-2.71E-06,-3.76E-05,-0.2300043,-0.1519118,-0.1618342,-9.71E-07,-0.2088618,-0.2505298,0,-0.1477265,-5.71E-05,-0.000784724,-0.1989203,-0.1717472,0,-0.000128995,-0.1941556,-0.1637321,0,-0.2135444,-0.1627815,-5.14E-06,-0.1728692,0
G106N,1,0,0,0,0,-0.01098906,-0.27925855,0,0,0,0,0,0,0,0,-0.2021994,0,0,0.2121465499999999,0.054507,0,0.14697346,0.01118368,0,0.1717629199999999,0,0,0,0,-0.033676248,-0.1633888,0,0.43772627,0,-0.0453725,0,0,0,-0.04592975,-0.00633407,-0.0097298,0,0,0.01825355,-0.011022,-0.0503928,0,0.02079028,-0.04579847,0,-0.0150703,0,0,0.01914844,-0.0624877,0,0,0.013796,0.0082842,0,-0.0238245,-0.02787385,0,0.02504916,0,-3.73E-06,-0.0056393,-2.91E-05,0,0,-0.0049294,-0.0061894,-0.0059745,3.7000000000013364e-09,-2.99E-06,-0.0074594,-0.0050424,-0.0054501,-9.20E-08,-0.0069054,-0.0083892,0,-0.0049164,-1.63E-06,-5.48E-05,-0.0064612,-0.0057404,0,-7.38E-06,-0.0063816,-0.0053606,0,-0.0071444,-0.0054143,-1.70E-07,-0.0056806,0
G106P,1,0,0,0,0,-0.0301571,-0.3305317,0,0,0,0,0,0,0,0,-0.056853,0,0,-0.07738095,0.4388817,0,0.4075029999999999,-0.01845595,0,0.13880197,0,0,0,0,-0.033676248,-0.20080097,0,0.1122723700000001,0,-0.1938748,0,0,0,-0.1667687,-0.08529637,-0.08858072,0,0,-0.07860305,-0.07182082,-0.12521743,0,-0.04436685,-0.13480443,0,-0.08508704,0,0,-0.0801425,-0.1260799,0,0,-0.11608375,-0.0535233,0,-0.1100778,-0.22432504,0,-0.03478438,0,-7.59E-05,-0.2875578,-0.000857763,0,0,-0.2523114,-0.3172476,-0.3052748,-4.39E-06,-5.63E-05,-0.391604,-0.2583653,-0.2753644,-2.37E-06,-0.3555873,-0.4263418,0,-0.2512166,-8.91E-05,-0.001357072,-0.3381484,-0.2922193,0,-0.000210848,-0.3302206,-0.2784406,0,-0.3636538,-0.2767727,-8.55E-06,-0.2939447,0
G106Q,1,0,0,0,0,-0.29827806,-0.2994581,0,0,0,0,0,0,0,0,-0.2485992,0,0,0.1013925500000001,0.2819425000000004,0,0.3335682,0.0742258,0,-0.07547957,0,0,0,0,-0.033676248,0.0054948999999999,0,0.25910937,0,-0.11846463,0,0,0,-0.1042299,-0.08279962,-0.00658556,0,0,-0.02176535,-0.0727084,-0.0957478,0,-0.04890935,-0.06060332,0,-0.0757712,0,0,-0.1271546,-0.0379963,0,0,-0.0954999,-0.0233343,0,-0.0835425,-0.167097,0,-0.04092449,0,-4.36E-05,-0.1853018,-0.000540917,0,0,-0.1625231,-0.2042948,-0.1962389,-3.16E-06,-3.58E-05,-0.2516168,-0.1663096,-0.1772323,-1.53E-06,-0.2285104,-0.2740829,0,-0.1616336,-5.62E-05,-0.000815405,-0.21779,-0.1879342,0,-0.000133466,-0.212438,-0.1792547,0,-0.2339446,-0.178384,-4.98E-06,-0.1892581,0
G106R,1,0,0,0,0,-0.2590142,-0.3034926,0,0,0,0,0,0,0,0,0.0277799,0,0,0.17309375,0.2358843000000003,0,0.5720772999999999,0.17424638,0,0.1986336799999999,0,0.035545036,0,0,0.00992322,-0.08095164,0,0.68219487,0,-0.1234762,0,0,0,-0.10434278,-0.02235577,-0.0156141,0,0,0.00276482,-0.03282106,-0.07493317,0,0.05417669,-0.05742867,0,-0.01936636,0,0,-0.05896106,-0.03461954,0,0,-0.0254271,0.0013163,0,-0.07980496,-0.17794565,0,0.01010281,0,-8.65E-06,-0.0838716,-0.000192436,0,0,-0.0733853,-0.0919674,-0.0882846,-8.87E-07,-8.51E-06,-0.1128608,-0.0748055,-0.0800365,-1.07E-06,-0.1023169,-0.1230783,0,-0.0727937,-8.85E-06,-0.000308275,-0.0981121,-0.0844338,0,-5.02E-05,-0.0951407,-0.080733,0,-0.1053433,-0.0810937,-5.55E-07,-0.0854064,0
G106H,1,0,0,0,0,-0.02556666,-0.08582115,0,0,0,0,0,0,0,0,-0.3014361,0,0,-0.01186305,0.1252109000000003,0,0.0244645,-0.173364513,0,0.1005197299999999,0,0,0,0,-0.033676248,-0.27358086,0,0.38971647,0,-0.0518689,0,0,0,-0.04394325,-0.02631772,-0.0251969,0,0,-0.04863955,-0.02336526,-0.0512946,0,-0.01130628,-0.06308812,0,-0.0290205,0,0,-0.03426793,-0.0687893,0,0,-0.0024805,-0.0254695,0,-0.0437926,-0.0228158,0,-0.02823144,0,-1.54E-05,-0.0737914,-0.000165759,0,0,-0.0647969,-0.0815266,-0.078468,-3.57E-07,-1.05E-05,-0.1008494,-0.066433,-0.0707785,-3.90E-07,-0.0914321,-0.1096997,0,-0.0645528,-1.43E-05,-0.000297751,-0.0869668,-0.0751981,0,-3.72E-05,-0.0847898,-0.0715603,0,-0.0934648,-0.0708424,-1.67E-07,-0.0755624,0
G106T,1,0,0,0,0,-0.15550592,-0.275791,0,0,0,0,0,0,0,0,-0.1688938,0,0,0.0210860999999999,0.2764998000000003,0,0.24801763,0.0641045,0,0.0953704799999999,0,0,0,0,-0.033676248,-0.15648104,0,0.48630627,0,-0.15614675,0,0,0,-0.13300814,-0.12711157,-0.0820632,0,0,-0.06008305,-0.08721313,-0.1306845,0,-0.06644719,-0.15680087,0,-0.0943533,0,0,-0.1136755,-0.1115007,0,0,-0.0857708,-0.07845666,0,-0.1235171,-0.1906183,0,-0.09304148,0,-6.80E-05,-0.2711358,-0.000791545,0,0,-0.2378713,-0.2992215,-0.2878885,-4.19E-06,-5.38E-05,-0.3690558,-0.2437507,-0.2596976,-1.97E-06,-0.3352206,-0.4020522,0,-0.2368844,-7.97E-05,-0.001248244,-0.3189015,-0.2755587,0,-0.000192252,-0.3112718,-0.2626037,0,-0.3429272,-0.2608725,-6.97E-06,-0.2773089,0
G106V,1,0,0,0,0,-0.12412568,-0.5509203,0,0,0,0,0,0,0,0,-0.1687672,0,0,-0.06620079,0.2449600000000003,0,0.2133211,-0.03327828,0,0.14355389,0,0,0,0,-0.033676248,-0.1162769,0,0.11050757,0,-0.2332314,0,0,0,-0.1989347,-0.1739626,-0.13523042,0,0,-0.11052155,-0.1148087,-0.1735901,0,-0.11746949,-0.21870131,0,-0.1143241,0,0,-0.1383114,-0.1863082,0,0,-0.16892157,-0.10653456,0,-0.18642295,-0.3063225,0,-0.10099584,0,-0.000109595,-0.4096402,-0.001241529,0,0,-0.3594311,-0.4521675,-0.4351387,-6.56E-06,-8.36E-05,-0.5580287,-0.368307,-0.3923945,-3.29E-06,-0.5069164,-0.6077102,0,-0.3579906,-0.000130037,-0.00194728,-0.4818572,-0.4165039,0,-0.000301868,-0.4706971,-0.3968232,0,-0.5183422,-0.3941776,-1.15E-05,-0.4189151,0
G106W,1,0,0,0,0,-0.24136253,0.1075827,0,0,0,0,0,0,0,0,0.1041829999999999,0,0,0.2481392499999999,0.0897652000000004,0,0.2191889,0.0125345,0,-0.23002695,0,0,0,0,-0.033676248,-0.09668334,0,0.0939285700000001,0,0.0714247,0,0,0,0.0622248999999999,0.0688765299999999,0.1295497999999999,0,0,0.05284339,0.0460903,0.0461817399999999,0,0.0577069,0.12891763,0,0.0221422,0,0,-0.0184375,0.0919894,0,0,0.08001124,0.0755078600000001,0,0.0868459999999999,0.0695403999999999,0,0.0249808599999999,0,4.046019999999999e-05,0.1031033999999999,0.0004057310999999,0,0,0.0905434,0.1141433999999996,0.1102128999999998,2.5465469999999982e-06,2.8456219999999988e-05,0.1412100999999999,0.0930890999999998,0.0990343,8.350890000000015e-07,0.1285756,0.1539023000000003,0,0.0904411,4.676309999999994e-05,0.000628484,0.1214401,0.1053299999999999,0,9.76432000000002e-05,0.1192522,0.1001311999999998,0,0.1311111999999998,0.0990865,6.375729e-06,0.1055938,0
G106Y,1,0,0,0,0,-0.2615233,0.0345325,0,0,0,0,0,0,0,0,0.1615842,0,0,0.3102797500000001,0.5129558000000003,0,0.759171,0.28551145,0,-0.09784699,0,0.021513117,0,0,-0.015140951,0.28378295,0,0.56696357,0,0.0069768599999999,0,0,0,0.0159661999999999,0.0416085699999999,0.0871970399999999,0,0,0.14005575,0.0138559699999999,0.0290508299999999,0,0.10830275,0.08595733,0,0.0445001299999999,0,0,-0.030994,0.1203058599999999,0,0,0.0442388,0.11902104,0,0.0535244999999999,-0.0495919,0,0.05156141,0,3.747290000000002e-05,0.0903005999999999,0.0003064463999999,0,0,0.0795208,0.1003889999999998,0.0970269000000001,1.3450589999999996e-06,2.1887739999999973e-05,0.1250932000000002,0.0819015999999999,0.0869649999999999,3.377470000000004e-07,0.1136478999999996,0.1357728000000002,0,0.0795643999999999,4.041405999999999e-05,0.000512904,0.1069102000000001,0.092975,0,6.624430000000013e-05,0.1052127,0.0881600999999998,0,0.1153323999999997,0.0864146999999999,4.225497999999997e-06,0.0928153999999998,0
