mutation,class,0,1
G106A,0,0.8643730282783508,0.13562695682048798
G106C,0,0.7228724956512451,0.27712753415107727
G106D,0,0.7942079305648804,0.20579209923744202
G106E,0,0.6055449843406677,0.3944550156593323
G106F,1,0.21086162328720093,0.7891383767127991
G106S,1,0.2855646014213562,0.7144353985786438
G106I,0,0.845035195350647,0.15496481955051422
G106K,1,0.0652385950088501,0.9347614049911499
G106L,1,0.472289502620697,0.527710497379303
G106M,1,0.05236959457397461,0.9476304054260254
G106N,0,0.592278003692627,0.40772202610969543
G106P,0,0.872438907623291,0.1275610774755478
G106Q,1,0.19155746698379517,0.8084425330162048
G106R,1,0.037425994873046875,0.9625740051269531
G106H,0,0.9592995643615723,0.040700461715459824
G106T,1,0.11567944288253784,0.8843205571174622
G106V,0,0.8105870485305786,0.18941298127174377
G106W,0,0.8001638650894165,0.1998361349105835
G106Y,0,0.8508906960487366,0.14910931885242462
