ID,Ab Name,PDB ID,mutation,EXP DDG,EXP Label
35,Fab-12,1BJ1,HH101Y,1.58,1
36,Fab-12,1BJ1,HH107A,-0.79,0
46,Fab-12,1BJ1,NH31H,0.76,1
51,Fab-12,1BJ1,SH105T,0.39,1
52,Fab-12,1BJ1,TH28D,0.22,1
53,Fab-12,1BJ1,TH59A,-0.85,0
54,Fab-12,1BJ1,YH27A,-2.24,0
55,Fab-12,1BJ1,YH54A,-1.33,0
56,Fab-12,1BJ1,YH54W,0.14,1
57,Fab-12,1BJ1,YH99A,-4.44,0
71,Fab-12,1CZ8,LL4M,-0.04,0
81,HYHEL-63,1DQJ,DH32A,-2,0
86,HYHEL-63,1DQJ,NL31A,-2,0
87,HYHEL-63,1DQJ,NL32A,-4.1,0
90,HYHEL-63,1DQJ,SL91A,-1.4,0
94,HYHEL-63,1DQJ,WH98A,-4.9,0
96,HYHEL-63,1DQJ,YH33A,-5.5,0
97,HYHEL-63,1DQJ,YH50A,-6.9,0
98,HYHEL-63,1DQJ,YH53A,-1.2,0
99,HYHEL-63,1DQJ,YL50A,-2.7,0
100,HYHEL-63,1DQJ,YL96A,-1.1,0
151,A6,1JRH,DH54A,-1.89,0
152,A6,1JRH,DH55A,-1.67,0
153,A6,1JRH,DH56A,-1.85,0
154,A6,1JRH,DL28A,-0.43,0
158,A6,1JRH,EL27A,-0.54,0
159,A6,1JRH,FH98A,0,1
171,A6,1JRH,RH95A,-0.54,0
174,A6,1JRH,SL93A,0.65,1
176,A6,1JRH,TL94A,-0.39,0
178,A6,1JRH,WH52A,-2.69,0
179,A6,1JRH,WH53A,-2.42,0
185,A6,1JRH,WL92A,-2.82,0
186,A6,1JRH,WL96A,-1.67,0
187,A6,1JRH,YH32A,-1.43,0
188,A6,1JRH,YH58A,-1.26,0
189,A6,1JRH,YH99A,-1.06,0
192,A6,1JRH,YL30A,-1.11,0
193,A6,1JRH,YL91A,-0.58,0
199,D1.3,1KIP,AH32Y,0.8,1
200,D1.3,1KIQ,FH101Y,2.49,1
201,D1.3,1KIR,SL50Y,1.39,1
224,AQC2,1MHP,FH99W,0,1
225,AQC2,1MHP,FH99Y,-0.76,0
226,AQC2,1MHP,GH100F,-0.57,0
227,AQC2,1MHP,GH100L,-2.73,0
228,AQC2,1MHP,GH100M,-0.1,0
229,AQC2,1MHP,GH100S,-0.56,0
230,AQC2,1MHP,GH53A,-0.51,0
231,AQC2,1MHP,GH53N,-1.26,0
232,AQC2,1MHP,GH53S,-0.68,0
233,AQC2,1MHP,GH54I,-1.36,0
234,AQC2,1MHP,GH54T,-1.17,0
235,AQC2,1MHP,GH54Y,0,1
236,AQC2,1MHP,GL92Q,-1.58,0
237,AQC2,1MHP,GL92S,-0.51,0
238,AQC2,1MHP,HL31K,-1.17,0
239,AQC2,1MHP,HL31R,-1.12,0
240,AQC2,1MHP,HL31W,-1.26,0
241,AQC2,1MHP,KH64D,0.12,1
242,AQC2,1MHP,KH64E,0.16,1
243,AQC2,1MHP,KH64N,0.07,1
244,AQC2,1MHP,KH64Q,0.16,1
245,AQC2,1MHP,LH60D,0.12,1
246,AQC2,1MHP,LL49F,-0.71,0
247,AQC2,1MHP,LL49K,-0.93,0
248,AQC2,1MHP,LL49W,-1.91,0
249,AQC2,1MHP,NL30V,-1.05,0
250,AQC2,1MHP,NL30W,-1.58,0
251,AQC2,1MHP,NL30Y,-1.91,0
252,AQC2,1MHP,NL52D,-0.5,0
253,AQC2,1MHP,NL52E,0.18,1
254,AQC2,1MHP,NL52K,-0.66,0
255,AQC2,1MHP,NL52R,-0.85,0
256,AQC2,1MHP,NL52Y,0.1,1
257,AQC2,1MHP,RH31Q,-1.31,0
258,AQC2,1MHP,SH35A,-1.58,0
259,AQC2,1MHP,SH35Q,-2.73,0
260,AQC2,1MHP,SH52M,-2.08,0
261,AQC2,1MHP,SL24R,0.07,1
262,AQC2,1MHP,SL28Q,0.67,1
263,AQC2,1MHP,SL91Q,-1.78,0
264,AQC2,1MHP,SL91R,-2.73,0
265,AQC2,1MHP,SL91T,-2.32,0
266,AQC2,1MHP,TH33N,-2.73,0
267,AQC2,1MHP,TH33V,-0.43,0
268,AQC2,1MHP,TH50V,0.26,1
269,AQC2,1MHP,WL90Q,-2.08,0
270,AQC2,1MHP,YH58E,-2.08,0
271,AQC2,1MHP,YH58Q,-2.08,0
272,AQC2,1MHP,YH58W,-0.82,0
273,AQC2,1MHP,YH59E,-0.54,0
274,D44.1,1MLC,KH65D,-0.02,0
275,D44.1,1MLC,NL32G,0.85,1
276,D44.1,1MLC,NL32Y,0,1
277,D44.1,1MLC,NL92A,1.25,1
278,D44.1,1MLC,SH57A,0.38,1
279,D44.1,1MLC,SH57V,0.49,1
280,D44.1,1MLC,TH28D,0.15,1
281,D44.1,1MLC,TH31A,-0.45,0
282,D44.1,1MLC,TH31V,-0.53,0
283,D44.1,1MLC,TH31W,-0.13,0
284,D44.1,1MLC,TH58D,0.56,1
285,Herceptin,1N8Z,DH31A,-0.25,0
286,Herceptin,1N8Z,DH98A,-1.21,0
287,Herceptin,1N8Z,DH98W,0.69,1
288,Herceptin,1N8Z,DL28N,0.28,1
290,Herceptin,1N8Z,FH100A,-1.17,0
291,Herceptin,1N8Z,FL53N,-1.21,0
292,Herceptin,1N8Z,HL91F,0.2,1
293,Herceptin,1N8Z,KH30A,-0.61,0
295,Herceptin,1N8Z,NH54A,0.15,1
296,Herceptin,1N8Z,NL30A,-1.12,0
297,Herceptin,1N8Z,NL30S,-0.06,0
298,Herceptin,1N8Z,RH50A,-2.93,0
299,Herceptin,1N8Z,RH58A,-1.78,0
300,Herceptin,1N8Z,RL66G,-0.22,0
302,Herceptin,1N8Z,SL50A,0.07,1
303,Herceptin,1N8Z,SL52A,0.31,1
304,Herceptin,1N8Z,TH32A,-0.38,0
305,Herceptin,1N8Z,TH53A,-0.78,0
306,Herceptin,1N8Z,TL31A,-0.8,0
307,Herceptin,1N8Z,TL93A,-0.82,0
308,Herceptin,1N8Z,TL94A,0.12,1
309,Herceptin,1N8Z,TL94S,-0.31,0
312,Herceptin,1N8Z,YH102V,-0.22,0
313,Herceptin,1N8Z,YH33A,0.09,1
314,Herceptin,1N8Z,YH52A,-0.23,0
315,Herceptin,1N8Z,YH56A,-0.87,0
316,Herceptin,1N8Z,YL49A,-1.05,0
317,Herceptin,1N8Z,YL92A,-1.36,0
318,Herceptin,1N8Z,YL92F,0.21,1
333,D1.3,1VFB,DH100A,-2.9,0
334,D1.3,1VFB,DH54A,-1,0
335,D1.3,1VFB,DH58A,0.21,1
336,D1.3,1VFB,DH58E,-0.08,0
337,D1.3,1VFB,DH58N,0.13,1
338,D1.3,1VFB,EH98A,-1.16,0
339,D1.3,1VFB,GH31A,-0.3,0
340,D1.3,1VFB,GH31E,0.51,1
341,D1.3,1VFB,GH31W,-0.01,0
342,D1.3,1VFB,HL30A,-0.84,0
347,D1.3,1VFB,NH56A,-0.18,0
348,D1.3,1VFB,NL31W,-0.17,0
351,D1.3,1VFB,RH99A,0.1,1
352,D1.3,1VFB,RH99W,-0.71,0
353,D1.3,1VFB,RH99Y,-1.26,0
355,D1.3,1VFB,SH28D,0,1
356,D1.3,1VFB,SH28E,0.1,1
357,D1.3,1VFB,SH28N,-0.15,0
358,D1.3,1VFB,SH28Q,-0.08,0
359,D1.3,1VFB,SL93A,-0.34,0
361,D1.3,1VFB,TH30A,0.06,1
362,D1.3,1VFB,TL52F,-0.47,0
363,D1.3,1VFB,TL53R,-1.67,0
365,D1.3,1VFB,WH52A,-0.9,0
366,D1.3,1VFB,WL92A,-3.3,0
368,D1.3,1VFB,YH101A,-4,0
369,D1.3,1VFB,YH101F,-1.6,0
370,D1.3,1VFB,YH32A,-1.1,0
371,D1.3,1VFB,YH32E,-1.91,0
372,D1.3,1VFB,YL32A,-1.7,0
373,D1.3,1VFB,YL49A,-0.8,0
374,D1.3,1VFB,YL50A,-0.5,0
375,D1.3,1VFB,YL50K,-1.67,0
376,D1.3,1VFB,YL50R,-0.85,0
377,HYHEL-63,1XGP,AH33F,4.06,1
378,HYHEL-63,1XGP,AH33I,2.26,1
379,HYHEL-63,1XGP,AH33L,2.2,1
380,HYHEL-63,1XGP,AH33V,1.15,1
381,HYHEL-63,1XGQ,VH33A,-1.15,0
382,HYHEL-63,1XGQ,VH33F,2.91,1
383,HYHEL-63,1XGQ,VH33I,1.11,1
384,HYHEL-63,1XGQ,VH33L,1.05,1
385,HYHEL-63,1XGR,IH33A,-2.26,0
386,HYHEL-63,1XGR,IH33F,1.8,1
387,HYHEL-63,1XGR,IH33L,-0.06,0
388,HYHEL-63,1XGR,IH33V,-1.11,0
389,HYHEL-63,1XGT,LH33A,-2.2,0
390,HYHEL-63,1XGT,LH33F,1.86,1
391,HYHEL-63,1XGT,LH33I,0.06,1
392,HYHEL-63,1XGT,LH33V,-1.05,0
393,HYHEL-63,1XGU,FH33A,-4.06,0
394,HYHEL-63,1XGU,FH33I,-1.8,0
395,HYHEL-63,1XGU,FH33L,-1.86,0
396,HYHEL-63,1XGU,FH33V,-2.91,0
398,Cetuximab,1YY9,AL25P,-0.07,0
399,Cetuximab,1YY9,AH98P,-1.04,0
400,Cetuximab,1YY9,GH54P,-0.27,0
401,Cetuximab,1YY9,LH29P,-0.03,0
402,Cetuximab,1YY9,NL93A,0.74,1
403,Cetuximab,1YY9,NH56A,0.06,1
404,Cetuximab,1YY9,SL26D,0.2,1
405,Cetuximab,1YY9,SL26P,0.01,1
406,Cetuximab,1YY9,SL28P,0.22,1
407,Cetuximab,1YY9,SL54P,0.02,1
408,Cetuximab,1YY9,SH53P,-0.82,0
409,Cetuximab,1YY9,TL31E,0.52,1
410,Cetuximab,1YY9,TL96P,-4,0
411,Cetuximab,1YY9,TH61E,0.06,1
412,Cetuximab,1YY9,WH52P,-1.48,0
413,Cetuximab,1YY9,YH101P,-1.65,0
414,AQC2,2B2X,EH64K,0.16,1
415,AQC2,2B2X,VH50T,-0.09,0
416,AQC2,2B2X,YL52E,0.22,1
417,11K2,2BDN,DH31E,-1.09,0
418,11K2,2BDN,LH27K,-0.87,0
419,11K2,2BDN,LH27R,-0.65,0
420,11K2,2BDN,NH28D,-0.13,0
421,11K2,2BDN,NH28Q,-1.4,0
422,11K2,2BDN,NL31K,-3.49,0
423,11K2,2BDN,NL31R,0.92,1
424,11K2,2BDN,SL53D,0.16,1
425,11K2,2BDN,SL53E,0.85,1
426,11K2,2BDN,TL56D,0.43,1
427,11K2,2BDN,TL56E,0.69,1
428,11K2,2BDN,YL30K,-0.67,0
475,CR1,2NYY,DL30Y,-0.65,0
477,CR1,2NYY,EH6Q,0.25,1
481,CR1,2NYY,HL34Q,0.06,1
482,CR1,2NYY,HL34R,-0.1,0
487,CR1,2NYY,KH30R,-0.07,0
489,CR1,2NYY,MH34Q,0.06,1
497,CR1,2NYY,SL28Q,-0.42,0
498,CR1,2NYY,SL31N,0.36,1
500,CR1,2NYY,VH37I,0.22,1
501,CR1,2NYY,YH31D,-0.07,0
502,CR1,2NYY,YH31Q,-0.13,0
503,CR1,2NYY,YH57Q,-0.52,0
526,bH1,3BDY,DH31A,-0.2,0
527,bH1,3BDY,DH98A,0,1
529,bH1,3BDY,FH100A,-0.7,0
530,bH1,3BDY,GH96A,-0.2,0
531,bH1,3BDY,GH97A,0.1,1
532,bH1,3BDY,GH99A,-0.8,0
533,bH1,3BDY,GL31A,-1.2,0
534,bH1,3BDY,GL51A,-1,0
535,bH1,3BDY,HL91A,-2,0
537,bH1,3BDY,IL29A,-0.8,0
538,bH1,3BDY,KH30A,-0.2,0
539,bH1,3BDY,NH54A,0.2,1
541,bH1,3BDY,RH50A,0.3,1
542,bH1,3BDY,RH58A,0.2,1
544,bH1,3BDY,SL28A,-1,0
545,bH1,3BDY,SL30A,-1.3,0
546,bH1,3BDY,SL52A,-0.1,0
547,bH1,3BDY,TH32A,0.4,1
548,bH1,3BDY,TH53A,0.5,1
549,bH1,3BDY,TL93A,0.3,1
550,bH1,3BDY,TL94A,0,1
551,bH1,3BDY,WH95A,-2,0
552,bH1,3BDY,WL50A,-1.3,0
554,bH1,3BDY,YH33A,-0.3,0
555,bH1,3BDY,YH52A,-0.4,0
556,bH1,3BDY,YH56A,-0.2,0
557,bH1,3BDY,YL32A,-1.7,0
558,bH1,3BDY,YL53A,-0.7,0
559,bH1,3BDY,YL92A,-1.4,0
560,Herceptin,3BE1,DH31A,-0.4,0
561,Herceptin,3BE1,DH98A,0.1,1
563,Herceptin,3BE1,FH100A,-1.9,0
564,Herceptin,3BE1,GH96A,-0.1,0
565,Herceptin,3BE1,GH97A,-0.3,0
566,Herceptin,3BE1,GH99A,-1.8,0
567,Herceptin,3BE1,GL31A,-0.3,0
568,Herceptin,3BE1,GL51A,0.3,1
569,Herceptin,3BE1,HL91A,-0.9,0
571,Herceptin,3BE1,IL29A,-0.9,0
572,Herceptin,3BE1,KH30A,0.3,1
573,Herceptin,3BE1,NH54A,0.8,1
575,Herceptin,3BE1,RH50A,-2.4,0
576,Herceptin,3BE1,RH58A,-2.5,0
578,Herceptin,3BE1,SL28A,-0.3,0
579,Herceptin,3BE1,SL30A,0.2,1
580,Herceptin,3BE1,SL52A,-0.3,0
581,Herceptin,3BE1,TH32A,0.4,1
582,Herceptin,3BE1,TH53A,-0.1,0
583,Herceptin,3BE1,TL93A,0.4,1
584,Herceptin,3BE1,TL94A,-1.4,0
585,Herceptin,3BE1,WH95A,-1.8,0
586,Herceptin,3BE1,WL50A,-1.4,0
588,Herceptin,3BE1,YH33A,-2.4,0
589,Herceptin,3BE1,YH52A,0.8,1
590,Herceptin,3BE1,YH56A,-1.8,0
591,Herceptin,3BE1,YL32A,0.8,1
592,Herceptin,3BE1,YL53A,-0.9,0
593,Herceptin,3BE1,YL92A,-0.5,0
631,HYHEL-63,3HFM,CH95A,-5.52,0
632,HYHEL-63,3HFM,CH95F,-3.25,0
633,HYHEL-63,3HFM,DH32A,-1.9,0
634,HYHEL-63,3HFM,DH32N,-0.17,0
657,HYHEL-63,3HFM,NL31A,-5.22,0
658,HYHEL-63,3HFM,NL31D,-1.34,0
659,HYHEL-63,3HFM,NL31E,-5.67,0
660,HYHEL-63,3HFM,NL32A,-5.11,0
665,HYHEL-63,3HFM,QL53A,-0.95,0
676,HYHEL-63,3HFM,SH31A,-0.17,0
679,HYHEL-63,3HFM,WH98A,-5.54,0
680,HYHEL-63,3HFM,WH98F,-3.27,0
682,HYHEL-63,3HFM,YH33A,-6,0
683,HYHEL-63,3HFM,YH33F,-1.07,0
684,HYHEL-63,3HFM,YH33L,-2.01,0
685,HYHEL-63,3HFM,YH33W,-1.75,0
686,HYHEL-63,3HFM,YH50A,-7.32,0
687,HYHEL-63,3HFM,YH50F,-1.61,0
688,HYHEL-63,3HFM,YH50L,-2.85,0
689,HYHEL-63,3HFM,YH53A,-3.25,0
690,HYHEL-63,3HFM,YH53F,-0.62,0
691,HYHEL-63,3HFM,YH53L,-0.81,0
692,HYHEL-63,3HFM,YH53W,-0.71,0
693,HYHEL-63,3HFM,YH58A,-1.68,0
694,HYHEL-63,3HFM,YH58F,-0.36,0
695,HYHEL-63,3HFM,YH58L,-1.51,0
696,HYHEL-63,3HFM,YL50A,-4.57,0
697,HYHEL-63,3HFM,YL50F,-2.36,0
698,HYHEL-63,3HFM,YL50L,-4.4,0
699,HYHEL-63,3HFM,YL96A,-2.71,0
700,HYHEL-63,3HFM,YL96F,-1.4,0
723,VRC01,3NGB,AH57G,-0.06,0
724,VRC01,3NGB,DH103A,-0.06,0
725,VRC01,3NGB,EL88A,-1.3,0
726,VRC01,3NGB,FL89A,-0.85,0
727,VRC01,3NGB,GH55A,1.26,1
728,VRC01,3NGB,GH55S,0.73,1
729,VRC01,3NGB,GH56A,-1.25,0
730,VRC01,3NGB,IH30A,0,1
731,VRC01,3NGB,IH30T,0.08,1
732,VRC01,3NGB,KH52A,-0.61,0
733,VRC01,3NGB,KH52N,0.18,1
734,VRC01,3NGB,MH70A,-0.52,0
735,VRC01,3NGB,NH105A,-1.1,0
736,VRC01,3NGB,NH59A,-1.74,0
737,VRC01,3NGB,PH63A,0.04,1
738,VRC01,3NGB,PH63K,0.23,1
739,VRC01,3NGB,QH65A,0.34,1
740,VRC01,3NGB,QL25A,0.23,1
741,VRC01,3NGB,RH54A,0.26,1
742,VRC01,3NGB,RH54N,0.05,1
743,VRC01,3NGB,RH62A,-0.98,0
744,VRC01,3NGB,RH62Q,0.1,1
745,VRC01,3NGB,RH72A,-1.62,0
746,VRC01,3NGB,SL28A,0.14,1
747,VRC01,3NGB,TH33A,-0.7,0
748,VRC01,3NGB,TH33Y,0.08,1
749,VRC01,3NGB,VH58A,-1.34,0
750,VRC01,3NGB,VH58T,0.14,1
751,VRC01,3NGB,VH74A,-1.07,0
752,VRC01,3NGB,VH74T,0.16,1
753,VRC01,3NGB,VL1A,0.76,1
754,VRC01,3NGB,WH106A,-4.39,0
755,VRC01,3NGB,WH47A,-1.18,0
756,VRC01,3NGB,WH50A,-1.27,0
757,VRC01,3NGB,YH104A,-1.4,0
758,VRC01,3NGB,YH60A,-0.54,0
759,VRC01,3NGB,YH75A,0.2,1
760,VRC01,3NGB,YH75S,0.33,1
761,VRC01,3NGB,YL26A,-0.97,0
762,VRC01,3NGB,YL26S,0.64,1
763,VRC01,3NGB,YL87A,-1.99,0
791,VRC03,3SE8,DH110A,0.38,1
792,VRC03,3SE8,DH114A,0.24,1
793,VRC03,3SE8,DL49A,-0.84,0
794,VRC03,3SE8,EL1A,0.55,1
795,VRC03,3SE8,EL91A,-1.49,0
796,VRC03,3SE8,FH115A,-1.05,0
797,VRC03,3SE8,FL90A,0.85,1
798,VRC03,3SE8,FL92A,-0.82,0
799,VRC03,3SE8,GH56A,-0.35,0
800,VRC03,3SE8,KH52A,-1.09,0
801,VRC03,3SE8,LH54A,-0.05,0
802,VRC03,3SE8,NL30A,-0.19,0
803,VRC03,3SE8,PH78A,-0.02,0
804,VRC03,3SE8,PH81A,0.07,1
805,VRC03,3SE8,QH63A,-1.1,0
806,VRC03,3SE8,QH65A,-0.54,0
807,VRC03,3SE8,QH76A,-0.1,0
808,VRC03,3SE8,QL27A,0.21,1
809,VRC03,3SE8,RH30A,0.04,1
810,VRC03,3SE8,RH62A,-1.19,0
811,VRC03,3SE8,RH72A,-2.6,0
812,VRC03,3SE8,SH59A,-1.13,0
813,VRC03,3SE8,VH58A,-1.23,0
814,VRC03,3SE8,WH47A,-1.45,0
815,VRC03,3SE8,WH50A,-1.31,0
816,VRC03,3SE8,WH55A,-0.75,0
817,VRC03,3SE8,YH111A,-0.82,0
818,VRC03,3SE8,YH60A,-0.84,0
819,VRC-PG04,3SE9,DH77A,0.75,1
820,VRC-PG04,3SE9,EL90A,-0.41,0
821,VRC-PG04,3SE9,FL91A,-0.02,0
822,VRC-PG04,3SE9,GH106A,0.3,1
823,VRC-PG04,3SE9,GH107A,0.61,1
824,VRC-PG04,3SE9,GH109A,-0.18,0
825,VRC-PG04,3SE9,GH57A,-0.45,0
826,VRC-PG04,3SE9,GH62A,-0.05,0
827,VRC-PG04,3SE9,GL29A,-0.46,0
828,VRC-PG04,3SE9,LH34A,-0.56,0
829,VRC-PG04,3SE9,LL89A,-0.95,0
830,VRC-PG04,3SE9,NH60A,-1.5,0
831,VRC-PG04,3SE9,PH64A,0.44,1
832,VRC-PG04,3SE9,RH67A,-1.45,0
833,VRC-PG04,3SE9,RH74A,-2.64,0
834,VRC-PG04,3SE9,RH76A,0.23,1
835,VRC-PG04,3SE9,TH105A,0.44,1
836,VRC-PG04,3SE9,TH56A,0.85,1
837,VRC-PG04,3SE9,VH55A,0.85,1
838,VRC-PG04,3SE9,VH59A,-0.97,0
839,VRC-PG04,3SE9,VL3A,0.49,1
840,VRC-PG04,3SE9,WH48A,-1.04,0
841,VRC-PG04,3SE9,WH51A,-1.26,0
842,VRC-PG04,3SE9,YH104A,-0.46,0
843,VRC-PG04,3SE9,YL28A,-1.1,0
850,Lebrikizumab,4I77,DH54A,-2.13,0
851,Lebrikizumab,4I77,NL95A,-1.72,0
852,Lebrikizumab,4I77,WH52A,-2.12,0
853,Lebrikizumab,4I77,WH52F,-2.1,0
854,Lebrikizumab,4I77,YH100A,0,1
855,Lebrikizumab,4I77,YH100F,0,1
856,Lebrikizumab,4I77,YH101A,-0.94,0
857,Lebrikizumab,4I77,YH101F,0,1
858,Lebrikizumab,4I77,YH103A,-1.69,0
859,Lebrikizumab,4I77,YH103F,0,1
860,Lebrikizumab,4I77,YL32A,0,1
861,Lebrikizumab,4I77,YL32F,0,1
