ID,Ab Name,Virus strain,chain,mutation,EXP DDG,EXP Label
1,P36-5D2,WT614G,H,T30P,-0.048822605,0
2,P36-5D2,WT614G,H,T31W,1.254063956,1
3,P36-5D2,WT614G,H,Y32P,-1.857590191,0
4,P36-5D2,WT614G,H,N52D,-0.997235513,0
5,P36-5D2,WT614G,H,A53F,0.085847465,1
6,P36-5D2,WT614G,H,N55L,-0.76100887,0
7,P36-5D2,WT614G,H,N57L,0.732284588,1
8,P36-5D2,WT614G,H,G100P,-0.528405004,0
9,P36-5D2,WT614G,H,R103M,1.558516028,1
10,P36-5D2,WT614G,H,L104F,1.145400308,1
11,P36-5D2,WT614G,H,Q105F,-2.03097751,0
12,P36-5D2,WT614G,L,S30Y,-0.236791871,0
14,P36-5D2,Alpha,H,T30P,-1.591504684,0
15,P36-5D2,Alpha,H,T31W,1.418209496,1
16,P36-5D2,Alpha,H,Y32P,-1.407693395,0
17,P36-5D2,Alpha,H,N52D,-0.686996988,0
18,P36-5D2,Alpha,H,A53F,0.178862337,1
19,P36-5D2,Alpha,H,N55L,-0.3175515,0
20,P36-5D2,Alpha,H,N57L,1.418209496,1
21,P36-5D2,Alpha,H,G100P,-0.323994806,0
22,P36-5D2,Alpha,H,R103M,1.551203053,1
23,P36-5D2,Alpha,H,L104F,1.551203053,1
24,P36-5D2,Alpha,H,Q105F,-2.072777995,0
25,P36-5D2,Alpha,L,S30Y,-0.330369198,0
27,P36-5D2,Beta,H,T30P,-0.607540299,0
28,P36-5D2,Beta,H,T31W,0.879640286,1
29,P36-5D2,Beta,H,Y32P,-1.753988716,0
30,P36-5D2,Beta,H,N52D,-0.064495296,0
31,P36-5D2,Beta,H,A53F,-0.033119631,0
32,P36-5D2,Beta,H,N55L,0.276726142,1
33,P36-5D2,Beta,H,N57L,0.746646729,1
34,P36-5D2,Beta,H,G100P,-0.813321187,0
35,P36-5D2,Beta,H,R103M,1.159762449,1
36,P36-5D2,Beta,H,L104F,0.546109276,1
37,P36-5D2,Beta,H,Q105F,-2.78991919,0
38,P36-5D2,Beta,L,S30Y,-0.016789843,0
40,P36-5D2,Gamma,H,T30P,-0.17624569,0
41,P36-5D2,Gamma,H,T31W,1.39188345,1
42,P36-5D2,Gamma,H,Y32P,-1.493685693,0
43,P36-5D2,Gamma,H,N52D,-0.121344977,0
44,P36-5D2,Gamma,H,A53F,-0.066627678,0
45,P36-5D2,Gamma,H,N55L,-0.330778118,0
46,P36-5D2,Gamma,H,N57L,0.251348475,1
47,P36-5D2,Gamma,H,G100P,-0.770866766,0
48,P36-5D2,Gamma,H,R103M,1.541666849,1
49,P36-5D2,Gamma,H,L104F,0.759603761,1
50,P36-5D2,Gamma,H,Q105F,-2.711744874,0
51,P36-5D2,Gamma,L,S30Y,-0.260579429,0
53,P36-5D2,Delta,H,T30P,-0.326520494,0
54,P36-5D2,Delta,H,T31W,0.526972808,1
55,P36-5D2,Delta,H,Y32P,-0.715089617,0
56,P36-5D2,Delta,H,N52D,2.442707533,1
57,P36-5D2,Delta,H,A53F,0.578683164,1
58,P36-5D2,Delta,H,N55L,0.095632647,1
59,P36-5D2,Delta,H,N57L,2.883549182,1
60,P36-5D2,Delta,H,G100P,0.192897755,1
61,P36-5D2,Delta,H,R103M,2.101486094,1
62,P36-5D2,Delta,H,L104F,1.363636573,1
63,P36-5D2,Delta,H,Q105F,-0.715089617,0
64,P36-5D2,Delta,L,S30Y,0.161721315,1
66,P36-5D2,Delta_Plus,H,T30P,-0.56078696,0
67,P36-5D2,Delta_Plus,H,T31W,0.280015267,1
68,P36-5D2,Delta_Plus,H,Y32P,-0.021264533,0
69,P36-5D2,Delta_Plus,H,N52D,2.01389802,1
70,P36-5D2,Delta_Plus,H,A53F,0.756210953,1
71,P36-5D2,Delta_Plus,H,N55L,-0.181529008,0
72,P36-5D2,Delta_Plus,H,N57L,2.567901452,1
73,P36-5D2,Delta_Plus,H,G100P,0.030711486,1
74,P36-5D2,Delta_Plus,H,R103M,1.961386089,1
75,P36-5D2,Delta_Plus,H,L104F,1.269496115,1
76,P36-5D2,Delta_Plus,H,Q105F,-0.818159081,0
77,P36-5D2,Delta_Plus,L,S30Y,-0.11882173,0
79,P36-5D2,Kappa,H,T30P,-0.027574986,0
80,P36-5D2,Kappa,H,T31W,0.749976347,1
81,P36-5D2,Kappa,H,Y32P,-0.154450439,0
82,P36-5D2,Kappa,H,N52D,2.651149766,1
83,P36-5D2,Kappa,H,A53F,0.482402016,1
84,P36-5D2,Kappa,H,N55L,0.626881001,1
85,P36-5D2,Kappa,H,N57L,2.680228704,1
86,P36-5D2,Kappa,H,G100P,0.219496095,1
87,P36-5D2,Kappa,H,R103M,2.501366367,1
88,P36-5D2,Kappa,H,L104F,1.908571312,1
89,P36-5D2,Kappa,H,Q105F,-0.947489033,0
90,P36-5D2,Kappa,L,S30Y,0.191835606,1
92,P36-5D2,Epsilon,H,T30P,0.42438891,1
93,P36-5D2,Epsilon,H,T31W,0.571888552,1
94,P36-5D2,Epsilon,H,Y32P,0.093392277,1
95,P36-5D2,Epsilon,H,N52D,2.204530126,1
96,P36-5D2,Epsilon,H,A53F,0.510715454,1
97,P36-5D2,Epsilon,H,N55L,-0.423638061,0
98,P36-5D2,Epsilon,H,N57L,-0.423638061,0
99,P36-5D2,Epsilon,H,G100P,0.283190701,1
100,P36-5D2,Epsilon,H,R103M,2.097726074,1
101,P36-5D2,Epsilon,H,L104F,1.814121915,1
102,P36-5D2,Epsilon,H,Q105F,-0.423638061,0
103,P36-5D2,Epsilon,L,S30Y,0.063515276,1
105,P36-5D2,Eta,H,T30P,0.185756846,1
106,P36-5D2,Eta,H,T31W,1.952916685,1
107,P36-5D2,Eta,H,Y32P,-0.801388945,0
108,P36-5D2,Eta,H,N52D,0.007901132,1
109,P36-5D2,Eta,H,A53F,0.434965283,1
110,P36-5D2,Eta,H,N55L,0.216553365,1
111,P36-5D2,Eta,H,N57L,2.14793558,1
112,P36-5D2,Eta,H,G100P,-0.170804073,0
113,P36-5D2,Eta,H,R103M,2.276141963,1
114,P36-5D2,Eta,H,L104F,1.449910523,1
115,P36-5D2,Eta,H,Q105F,-1.218582218,0
116,P36-5D2,Eta,L,S30Y,-0.038497662,0
118,P36-5D2,N439K,H,T30P,0.022947974,1
119,P36-5D2,N439K,H,T31W,1.74152933,1
120,P36-5D2,N439K,H,Y32P,-1.261986286,0
121,P36-5D2,N439K,H,N52D,-0.393957438,0
122,P36-5D2,N439K,H,A53F,0.581766882,1
123,P36-5D2,N439K,H,N55L,-0.266819468,0
124,P36-5D2,N439K,H,N57L,2.257067803,1
125,P36-5D2,N439K,H,G100P,0.057875138,1
126,P36-5D2,N439K,H,R103M,2.336652513,1
127,P36-5D2,N439K,H,L104F,1.619084722,1
128,P36-5D2,N439K,H,Q105F,-1.261986286,0
129,P36-5D2,N439K,L,S30Y,0.246744006,1
131,R3P1-E4,WT,A,E101Q,,1
132,R3P1-E4,WT,A,S232Y,,1
133,R3P1-E4,WT,A,D98L,,0
135,R3P1-E4,B117,A,E101Q,,1
136,R3P1-E4,B117,A,S232Y,,1
137,R3P1-E4,B117,A,D98L,,1
139,R3P1-E4,B1351,A,E101Q,,1
140,R3P1-E4,B1351,A,S232Y,,1
141,R3P1-E4,B1351,A,D98L,,1
143,R3P1-E4,P1,A,E101Q,,1
144,R3P1-E4,P1,A,S232Y,,1
145,R3P1-E4,P1,A,D98L,,1
147,R3P1-E4,B1617,A,E101Q,,0
148,R3P1-E4,B1617,A,S232Y,,1
149,R3P1-E4,B1617,A,D98L,,0
