ID,Ab Name,PDB ID,mutation,EXP DDG,EXP Label,FoldX5,FoldX5 Predictive Label,esm1v,esm1v Predictive Label,EvoEF2_binding,EvoEF2_binding Predictive Label,EvoEF2_stability,EvoEF2_stability Predictive Label,MutAb_prob_0,MutAb_prob_1,MutAb Predictive Label
35,Fab-12,1BJ1,HH101Y,1.58,1,0.814077,1,1.111049771,1,1.04,1,-0.08,0,0.325129211,0.674870789,1
36,Fab-12,1BJ1,HH107A,-0.79,0,-1.93216,0,0.783190489,1,1.68,1,-1.95,0,0.704260528,0.295739472,0
46,Fab-12,1BJ1,NH31H,0.76,1,0.334572,1,-2.870047808,0,1.04,1,-2.21,0,0.518979371,0.481020629,0
51,Fab-12,1BJ1,SH105T,0.39,1,-0.082529,0,-0.985852599,0,1.66,1,-0.32,0,0.617836058,0.382163942,0
52,Fab-12,1BJ1,TH28D,0.22,1,0.639862,1,-6.096686363,0,0.74,1,3.12,1,0.631763637,0.368236363,0
53,Fab-12,1BJ1,TH59A,-0.85,0,-0.683123,0,-0.655805588,0,0.28,1,4.75,1,0.648129523,0.351870477,0
54,Fab-12,1BJ1,YH27A,-2.24,0,-2.77595,0,-5.767499924,0,0.74,1,-9.98,0,0.593463302,0.406536698,0
55,Fab-12,1BJ1,YH54A,-1.33,0,-0.663113,0,-1.220464945,0,-2.24,0,-2.91,0,0.789052367,0.210947663,0
56,Fab-12,1BJ1,YH54W,0.14,1,-0.58809,0,-2.470250845,0,0.2,1,-1.74,0,0.648334384,0.351665616,0
57,Fab-12,1BJ1,YH99A,-4.44,0,-6.53536,0,-0.149835825,0,-1.97,0,-11.87,0,0.800590754,0.199409246,0
71,Fab-12,1CZ8,LL4M,-0.04,0,-0.31699,0,0.992791653,1,0,1,-7.99,0,0.516426682,0.483573318,0
81,HYHEL-63,1DQJ,DH32A,-2,0,-0.380919,0,-1.672178745,0,-0.78,0,-0.96,0,0.745371222,0.254628807,0
86,HYHEL-63,1DQJ,NL31A,-2,0,0.214052,1,-4.122523308,0,4.38,1,-1.61,0,0.872802079,0.127197921,0
87,HYHEL-63,1DQJ,NL32A,-4.1,0,-0.990566,0,-1.396387815,0,0.66,1,-3.82,0,0.881457686,0.118542328,0
90,HYHEL-63,1DQJ,SL91A,-1.4,0,0.105619,1,-0.391129017,0,4.43,1,0.1,1,0.399695992,0.600304008,1
94,HYHEL-63,1DQJ,WH98A,-4.9,0,-3.55688,0,-0.205272675,0,-3.82,0,-8.63,0,0.952994943,0.047005061,0
96,HYHEL-63,1DQJ,YH33A,-5.5,0,-3.25937,0,-3.392369509,0,-4.02,0,-12,0,0.930108726,0.069891267,0
97,HYHEL-63,1DQJ,YH50A,-6.9,0,-3.24386,0,-0.987053633,0,-3.03,0,-13.33,0,0.878329217,0.121670775,0
98,HYHEL-63,1DQJ,YH53A,-1.2,0,-1.12829,0,-1.060232162,0,-2.34,0,0.98,1,0.933658421,0.066341594,0
99,HYHEL-63,1DQJ,YL50A,-2.7,0,-1.02923,0,-1.718914986,0,0.74,1,-2.56,0,0.913703442,0.086296573,0
100,HYHEL-63,1DQJ,YL96A,-1.1,0,-0.447122,0,-0.702615261,0,-0.42,0,-0.83,0,0.984681547,0.015318453,0
151,A6,1JRH,DH54A,-1.89,0,0.342494,1,-1.345114231,0,-3.85,0,-9.66,0,0.834857762,0.165142223,0
152,A6,1JRH,DH55A,-1.67,0,-0.223772,0,-1.692493677,0,0.19,1,-4.86,0,0.404462755,0.595537245,1
153,A6,1JRH,DH56A,-1.85,0,0.26393,1,-0.376880884,0,-3.68,0,-4.27,0,0.254986882,0.745013118,1
154,A6,1JRH,DL28A,-0.43,0,-1.31545,0,-1.582183123,0,1.09,1,-5.41,0,0.882997632,0.11700239,0
158,A6,1JRH,EL27A,-0.54,0,0.00283688,1,-1.464629173,0,-2.46,0,-6.34,0,0.91348958,0.08651039,0
159,A6,1JRH,FH98A,0,1,-0.90764,0,-0.095069647,0,0.33,1,-4.76,0,0.641425908,0.358574092,0
171,A6,1JRH,RH95A,-0.54,0,1.93575,1,-1.29204464,0,-4.06,0,-10.61,0,0.999978781,2.12E-05,0
174,A6,1JRH,SL93A,0.65,1,0.715245,1,-1.09034121,0,3.92,1,0.4,1,0.415933967,0.584066033,1
176,A6,1JRH,TL94A,-0.39,0,-0.580884,0,-0.0262959,0,-1.02,0,-0.22,0,0.70274055,0.29725942,0
178,A6,1JRH,WH52A,-2.69,0,-3.67493,0,-0.939785242,0,-2.47,0,-10.21,0,0.482033312,0.517966688,1
179,A6,1JRH,WH53A,-2.42,0,-0.886371,0,-2.608244658,0,-2.05,0,-9.13,0,0.428148925,0.571851075,1
185,A6,1JRH,WL92A,-2.82,0,-2.36775,0,1.385533094,1,-4.37,0,-6.97,0,0.944419324,0.055580653,0
186,A6,1JRH,WL96A,-1.67,0,-4.34882,0,-1.096693993,0,-0.42,0,-5.22,0,0.200697303,0.799302697,1
187,A6,1JRH,YH32A,-1.43,0,-2.24489,0,0.824808121,1,-3.31,0,-3.13,0,0.991788685,0.008211289,0
188,A6,1JRH,YH58A,-1.26,0,-3.47601,0,-2.583943844,0,-3.1,0,-7.2,0,0.193708003,0.806291997,1
189,A6,1JRH,YH99A,-1.06,0,-0.552509,0,-0.825638771,0,-4.02,0,-2.27,0,0.980024934,0.019975092,0
192,A6,1JRH,YL30A,-1.11,0,-1.68316,0,-2.257083416,0,0.62,1,-2.62,0,0.898847938,0.101152077,0
193,A6,1JRH,YL91A,-0.58,0,-1.83868,0,-1.731365681,0,0.17,1,-3.98,0,0.959248424,0.040751588,0
199,D1.3,1KIP,AH32Y,0.8,1,0.0453493,1,5.411921501,1,-0.03,0,-55.72,0,0.896173716,0.103826307,0
200,D1.3,1KIQ,FH101Y,2.49,1,-1.68039,0,0.746652126,1,1.85,1,1.63,1,0.432761073,0.567238927,1
201,D1.3,1KIR,SL50Y,1.39,1,1.69958,1,-0.852082729,0,0.98,1,-21.41,0,0.453713596,0.546286404,1
224,AQC2,1MHP,FH99W,0,1,-0.304472,0,0.550721645,1,-0.02,0,-20.72,0,0.747956157,0.252043843,0
225,AQC2,1MHP,FH99Y,-0.76,0,-0.0860426,0,0.856348515,1,0,1,-10.17,0,0.730695069,0.269304931,0
226,AQC2,1MHP,GH100F,-0.57,0,-2.02165,0,-1.516339898,0,-2.1,0,106.07,1,0.813672662,0.186327353,0
227,AQC2,1MHP,GH100L,-2.73,0,-2.11056,0,-1.064897656,0,2.29,1,92.21,1,0.784334958,0.215665057,0
228,AQC2,1MHP,GH100M,-0.1,0,-1.86469,0,-2.340734959,0,4.24,1,115.17,1,0.877276897,0.122723088,0
229,AQC2,1MHP,GH100S,-0.56,0,-2.30891,0,0.222633481,1,2.07,1,120.43,1,0.843296885,0.1567031,0
230,AQC2,1MHP,GH53A,-0.51,0,-0.0805322,0,-0.971711874,0,2.09,1,133.52,1,0.973280668,0.026719362,0
231,AQC2,1MHP,GH53N,-1.26,0,-0.572958,0,-0.533142328,0,-20.78,0,111.15,1,0.830191731,0.169808298,0
232,AQC2,1MHP,GH53S,-0.68,0,-1.77926,0,1.503290892,1,-2.23,0,128.99,1,0.983843803,0.016156185,0
233,AQC2,1MHP,GH54I,-1.36,0,0.311137,1,-5.030981541,0,1.17,1,120.32,1,0.912745595,0.087254427,0
234,AQC2,1MHP,GH54T,-1.17,0,0.145734,1,-2.333890915,0,-0.48,0,127.01,1,0.95227915,0.047720842,0
235,AQC2,1MHP,GH54Y,0,1,0.814441,1,-4.0645504,0,-37.29,0,88.46,1,0.785769403,0.214230597,0
236,AQC2,1MHP,GL92Q,-1.58,0,0.262819,1,-2.074680805,0,2.9,1,117.66,1,0.551373124,0.448626846,0
237,AQC2,1MHP,GL92S,-0.51,0,-0.674032,0,0.185940742,1,2.9,1,116.05,1,0.836522281,0.163477704,0
238,AQC2,1MHP,HL31K,-1.17,0,-0.585405,0,0.95773387,1,0.22,1,129.01,1,0.918894231,0.081105761,0
239,AQC2,1MHP,HL31R,-1.12,0,-0.188201,0,2.29247117,1,-18,0,112.07,1,0.847511888,0.152488112,0
240,AQC2,1MHP,HL31W,-1.26,0,-0.701247,0,-0.350240231,0,-17.49,0,-19.42,0,0.881247401,0.118752606,0
241,AQC2,1MHP,KH64D,0.12,1,-0.154066,0,-9.14359951,0,-0.06,0,122.6,1,0.335402369,0.664597631,1
242,AQC2,1MHP,KH64E,0.16,1,-0.132148,0,-5.603535652,0,-0.06,0,123.38,1,0.516732216,0.483267814,0
243,AQC2,1MHP,KH64N,0.07,1,-0.39847,0,-5.98400259,0,-0.06,0,123.94,1,0.403297424,0.596702576,1
244,AQC2,1MHP,KH64Q,0.16,1,-0.170131,0,-3.669865131,0,-0.06,0,125.02,1,0.597850084,0.402149945,0
245,AQC2,1MHP,LH60D,0.12,1,-2.59046,0,0.737975597,1,0.93,1,123.72,1,0.490910947,0.509089053,1
246,AQC2,1MHP,LL49F,-0.71,0,1.18505,1,-0.313882828,0,-0.64,0,115.5,1,0.896049142,0.103950851,0
247,AQC2,1MHP,LL49K,-0.93,0,-0.0955996,0,0.999036789,1,3.18,1,122.66,1,0.909198999,0.09080103,0
248,AQC2,1MHP,LL49W,-1.91,0,-1.43004,0,-0.341026783,0,-0.45,0,115.88,1,0.778795242,0.221204758,0
249,AQC2,1MHP,NL30V,-1.05,0,1.72027,1,-3.226541758,0,4.11,1,129.94,1,0.901023328,0.098976664,0
250,AQC2,1MHP,NL30W,-1.58,0,-0.847112,0,-4.990005493,0,3.31,1,19.08,1,0.801600337,0.198399648,0
251,AQC2,1MHP,NL30Y,-1.91,0,-0.713673,0,-1.950546503,0,-0.05,0,101.54,1,0.694217861,0.305782139,0
252,AQC2,1MHP,NL52D,-0.5,0,0.0585277,1,-1.201140642,0,0.1,1,119.54,1,0.955054045,0.04494597,0
253,AQC2,1MHP,NL52E,0.18,1,0.71672,1,-2.28986764,0,0.16,1,119.34,1,0.830839276,0.169160724,0
254,AQC2,1MHP,NL52K,-0.66,0,1.55292,1,-1.601387501,0,-0.09,0,120.01,1,0.849402905,0.150597125,0
255,AQC2,1MHP,NL52R,-0.85,0,1.24422,1,-2.022641897,0,-0.24,0,115.91,1,0.74987185,0.25012812,0
256,AQC2,1MHP,NL52Y,0.1,1,0.968388,1,-3.311396837,0,0.54,1,120.78,1,0.791186571,0.208813414,0
257,AQC2,1MHP,RH31Q,-1.31,0,-0.461479,0,-1.229377747,0,2.21,1,138.89,1,0.858228028,0.141771957,0
258,AQC2,1MHP,SH35A,-1.58,0,-0.587263,0,-0.550570488,0,-0.37,0,121.23,1,0.967071116,0.032928906,0
259,AQC2,1MHP,SH35Q,-2.73,0,-4.34277,0,-3.813092709,0,0.06,1,81.33,1,0.881922781,0.118077233,0
260,AQC2,1MHP,SH52M,-2.08,0,-2.72958,0,-6.055475235,0,-15.76,0,97.81,1,0.658204079,0.341795951,0
261,AQC2,1MHP,SL24R,0.07,1,0.11652,1,1.545837164,1,-0.37,0,126.68,1,0.819516301,0.180483699,0
262,AQC2,1MHP,SL28Q,0.67,1,0.630052,1,-4.646612167,0,1.04,1,118.14,1,0.324541509,0.675458491,1
263,AQC2,1MHP,SL91Q,-1.78,0,0.100094,1,-0.186363459,0,0.25,1,107.68,1,0.715597928,0.284402072,0
264,AQC2,1MHP,SL91R,-2.73,0,1.31659,1,-0.406333685,0,4.31,1,121.25,1,0.803935528,0.196064487,0
265,AQC2,1MHP,SL91T,-2.32,0,0.457063,1,-0.774952173,0,3.69,1,121.39,1,0.905920327,0.094079688,0
266,AQC2,1MHP,TH33N,-2.73,0,0.603578,1,0.886039257,1,3.29,1,111.03,1,0.609072447,0.390927583,0
267,AQC2,1MHP,TH33V,-0.43,0,-0.417159,0,-0.572318554,0,3.16,1,115.98,1,0.961632252,0.038367767,0
268,AQC2,1MHP,TH50V,0.26,1,0.00276654,1,0.282841206,1,2.53,1,121.62,1,0.961826503,0.038173504,0
269,AQC2,1MHP,WL90Q,-2.08,0,-0.41932,0,-0.1699543,0,4.9,1,72.26,1,0.968429208,0.031570766,0
270,AQC2,1MHP,YH58E,-2.08,0,-2.18786,0,-1.674534559,0,-2.3,0,126.27,1,0.967612684,0.032387342,0
271,AQC2,1MHP,YH58Q,-2.08,0,-2.08118,0,-1.745896816,0,-3.95,0,125.54,1,0.980401516,0.019598464,0
272,AQC2,1MHP,YH58W,-0.82,0,-0.613548,0,-4.044952393,0,-8.54,0,113.53,1,0.910077572,0.089922436,0
273,AQC2,1MHP,YH59E,-0.54,0,-2.11236,0,-8.882065773,0,0.93,1,114.84,1,0.438003719,0.561996281,1
274,D44.1,1MLC,KH65D,-0.02,0,-0.476267,0,-6.660304546,0,0,1,-3.3,0,0.6588099,0.34119007,0
275,D44.1,1MLC,NL32G,0.85,1,1.23137,1,-1.546884298,0,0.25,1,-0.42,0,0.974580824,0.025419191,0
276,D44.1,1MLC,NL32Y,0,1,1.86807,1,0.975901604,1,1.29,1,1.25,1,0.642699301,0.357300699,0
277,D44.1,1MLC,NL92A,1.25,1,2.36012,1,-1.046467304,0,-0.38,0,18.05,1,0.944242954,0.055757016,0
278,D44.1,1MLC,SH57A,0.38,1,0.702513,1,-1.628181934,0,0.7,1,-11.6,0,0.67091167,0.32908833,0
279,D44.1,1MLC,SH57V,0.49,1,1.77658,1,-1.624713182,0,4.91,1,-8.85,0,0.881268024,0.118731953,0
280,D44.1,1MLC,TH28D,0.15,1,1.2388,1,-4.593008518,0,0,1,-12.87,0,0.191280663,0.808719337,1
281,D44.1,1MLC,TH31A,-0.45,0,-0.334012,0,-1.624177933,0,-0.65,0,-6.25,0,0.719184101,0.280815899,0
282,D44.1,1MLC,TH31V,-0.53,0,-0.393968,0,-4.0657897,0,0.96,1,-5.24,0,0.382873774,0.617126226,1
283,D44.1,1MLC,TH31W,-0.13,0,0.145403,1,-4.897258759,0,1.45,1,-5.4,0,0.405897141,0.594102859,1
284,D44.1,1MLC,TH58D,0.56,1,-0.727556,0,-5.007884502,0,0.07,1,-11.87,0,0.874158084,0.125841901,0
285,Herceptin,1N8Z,DH31A,-0.25,0,-0.305127,0,-1.914202213,0,0,1,-1.51,0,0.688788891,0.311211139,0
286,Herceptin,1N8Z,DH98A,-1.21,0,0.0918017,1,0.489854574,1,2.48,1,18.72,1,0.820095301,0.179904729,0
287,Herceptin,1N8Z,DH98W,0.69,1,0.146176,1,0.096288919,1,3.9,1,18.26,1,0.150228798,0.849771202,1
288,Herceptin,1N8Z,DL28N,0.28,1,-0.147357,0,-1.657005787,0,0.4,1,-8.55,0,0.736348629,0.263651401,0
290,Herceptin,1N8Z,FH100A,-1.17,0,-2.20222,0,-1.489740133,0,3.09,1,16.31,1,0.40823108,0.59176892,1
291,Herceptin,1N8Z,FL53N,-1.21,0,-2.07537,0,4.860541344,1,-4.28,0,-6.84,0,0.793901563,0.206098437,0
292,Herceptin,1N8Z,HL91F,0.2,1,1.67492,1,0.915435314,1,0.32,1,10.74,1,0.793591261,0.206408724,0
293,Herceptin,1N8Z,KH30A,-0.61,0,-0.101212,0,0.603014708,1,-0.3,0,0.72,1,0.980159223,0.019840764,0
295,Herceptin,1N8Z,NH54A,0.15,1,-0.556979,0,-1.151844501,0,-0.24,0,-13.92,0,0.276085734,0.723914266,1
296,Herceptin,1N8Z,NL30A,-1.12,0,-2.00751,0,-2.089784622,0,1.91,1,-4.04,0,0.514797091,0.485202879,0
297,Herceptin,1N8Z,NL30S,-0.06,0,-0.32125,0,1.357817173,1,1.68,1,-3.76,0,0.960666358,0.039333645,0
298,Herceptin,1N8Z,RH50A,-2.93,0,-1.17692,0,-0.165590405,0,-5.53,0,-15.77,0,0.799877405,0.200122565,0
299,Herceptin,1N8Z,RH58A,-1.78,0,-0.233607,0,-0.617239237,0,-0.04,0,-7.56,0,0.835391402,0.164608598,0
300,Herceptin,1N8Z,RL66G,-0.22,0,-1.63109,0,2.592687368,1,0.54,1,-8.43,0,0.976729691,0.02327029,0
302,Herceptin,1N8Z,SL50A,0.07,1,1.38665,1,0.762775898,1,0.33,1,11.19,1,0.946912289,0.053087737,0
303,Herceptin,1N8Z,SL52A,0.31,1,0.262486,1,-4.000462532,0,-0.58,0,-7.4,0,0.989212871,0.010787131,0
304,Herceptin,1N8Z,TH32A,-0.38,0,0.833361,1,-0.084179401,0,0,1,-1.33,0,0.647191525,0.352808475,0
305,Herceptin,1N8Z,TH53A,-0.78,0,0.383253,1,-0.240363598,0,-0.22,0,0.37,1,0.909959495,0.09004049,0
306,Herceptin,1N8Z,TL31A,-0.8,0,-1.40802,0,-1.290468216,0,-1.01,0,-9.95,0,0.647880197,0.352119833,0
307,Herceptin,1N8Z,TL93A,-0.82,0,-0.829298,0,-0.169134617,0,-0.12,0,-10.42,0,0.757757664,0.242242351,0
308,Herceptin,1N8Z,TL94A,0.12,1,-0.607093,0,-0.620409727,0,-1.43,0,-12.17,0,0.898795545,0.101204477,0
309,Herceptin,1N8Z,TL94S,-0.31,0,-0.161304,0,-0.66289711,0,-0.68,0,-11.93,0,0.958016098,0.041983884,0
312,Herceptin,1N8Z,YH102V,-0.22,0,-2.70937,0,-1.880959034,0,1.49,1,11.17,1,0.390509129,0.609490871,1
313,Herceptin,1N8Z,YH33A,0.09,1,-3.07805,0,-0.988436937,0,-2.08,0,-7.16,0,0.945624828,0.054375153,0
314,Herceptin,1N8Z,YH52A,-0.23,0,-1.61073,0,-0.856103897,0,0.06,1,-3.82,0,0.978843272,0.021156704,0
315,Herceptin,1N8Z,YH56A,-0.87,0,-0.510275,0,0.668015718,1,-2.66,0,-10.8,0,0.130600095,0.869399905,1
316,Herceptin,1N8Z,YL49A,-1.05,0,-3.04949,0,-6.253906727,0,-0.95,0,-10.98,0,0.861893177,0.138106838,0
317,Herceptin,1N8Z,YL92A,-1.36,0,-0.382355,0,-2.686122656,0,-1.71,0,-9.62,0,0.97480756,0.025192438,0
318,Herceptin,1N8Z,YL92F,0.21,1,0.31216,1,-0.76622653,0,-1,0,-9.85,0,0.655645311,0.344354689,0
333,D1.3,1VFB,DH100A,-2.9,0,-3.61792,0,-2.10276413,0,-5.64,0,-8.61,0,0.933709264,0.066290736,0
334,D1.3,1VFB,DH54A,-1,0,-1.80843,0,-2.859571934,0,-0.82,0,-4.81,0,0.898355305,0.101644687,0
335,D1.3,1VFB,DH58A,0.21,1,-0.353694,0,-0.83798933,0,-0.1,0,0.98,1,0.458914936,0.541085064,1
336,D1.3,1VFB,DH58E,-0.08,0,-0.822739,0,-1.41490221,0,-0.44,0,-6.39,0,0.967475295,0.032524705,0
337,D1.3,1VFB,DH58N,0.13,1,-0.33245,0,2.794464588,1,-0.02,0,2.11,1,0.67841655,0.32158345,0
338,D1.3,1VFB,EH98A,-1.16,0,-5.04383,0,-0.982332706,0,0.67,1,-14.04,0,0.853732705,0.14626731,0
339,D1.3,1VFB,GH31A,-0.3,0,0.20587,1,-2.217833042,0,-0.53,0,0.55,1,0.891539752,0.108460225,0
340,D1.3,1VFB,GH31E,0.51,1,0.389207,1,-1.646231651,0,2.1,1,4.81,1,0.247032642,0.752967358,1
341,D1.3,1VFB,GH31W,-0.01,0,-0.0327612,0,-5.686130524,0,0.86,1,0.72,1,0.517687559,0.482312471,0
342,D1.3,1VFB,HL30A,-0.84,0,-0.141351,0,0.502569199,1,-2.8,0,-5.39,0,0.524749398,0.475250572,0
347,D1.3,1VFB,NH56A,-0.18,0,-0.231322,0,-1.690077901,0,-0.47,0,1.11,1,0.845573485,0.15442653,0
348,D1.3,1VFB,NL31W,-0.17,0,0.787077,1,-6.622295856,0,-1.74,0,-2.69,0,0.672905087,0.327094942,0
351,D1.3,1VFB,RH99A,0.1,1,0.458168,1,0.478717566,1,-1.82,0,-0.87,0,0.928632557,0.071367458,0
352,D1.3,1VFB,RH99W,-0.71,0,2.34831,1,-1.514341354,0,-1.5,0,-0.4,0,0.682519376,0.317480624,0
353,D1.3,1VFB,RH99Y,-1.26,0,1.40109,1,0.407361269,1,-0.21,0,1.48,1,0.703925371,0.296074629,0
355,D1.3,1VFB,SH28D,0,1,0.38456,1,-3.299484968,0,-0.83,0,-2.03,0,0.684166193,0.315833837,0
356,D1.3,1VFB,SH28E,0.1,1,0.518574,1,-6.354066849,0,-0.71,0,-1.98,0,0.644112587,0.355887383,0
357,D1.3,1VFB,SH28N,-0.15,0,-0.742221,0,-3.458607912,0,-0.8,0,-0.94,0,0.796378136,0.203621849,0
358,D1.3,1VFB,SH28Q,-0.08,0,-0.662447,0,-6.29103756,0,-0.71,0,-1.51,0,0.602733016,0.397266984,0
359,D1.3,1VFB,SL93A,-0.34,0,-0.102165,0,-2.09288311,0,-0.23,0,-2.42,0,0.40642941,0.59357059,1
361,D1.3,1VFB,TH30A,0.06,1,-0.0814488,0,-4.085097313,0,-0.25,0,-0.36,0,0.836054683,0.163945317,0
362,D1.3,1VFB,TL52F,-0.47,0,1.92005,1,-3.834376812,0,-1.15,0,1.86,1,0.496697724,0.503302276,1
363,D1.3,1VFB,TL53R,-1.67,0,-0.40135,0,-1.028185844,0,-1.21,0,-1.09,0,0.565366983,0.434633046,0
365,D1.3,1VFB,WH52A,-0.9,0,-3.4073,0,-2.820211411,0,-4.11,0,-5.15,0,0.962713182,0.037286811,0
366,D1.3,1VFB,WL92A,-3.3,0,-3.37486,0,1.671525478,1,-5.38,0,-8.37,0,0.956813276,0.043186747,0
368,D1.3,1VFB,YH101A,-4,0,-5.24472,0,0.210795164,1,-4.33,0,-7.77,0,0.951290846,0.048709165,0
369,D1.3,1VFB,YH101F,-1.6,0,-2.46664,0,-0.746652126,0,-2.05,0,-2.4,0,0.888038397,0.111961581,0
370,D1.3,1VFB,YH32A,-1.1,0,-0.270197,0,-5.411921501,0,-0.04,0,-4.59,0,0.873880386,0.126119643,0
371,D1.3,1VFB,YH32E,-1.91,0,-0.146983,0,-6.3928442,0,-0.01,0,-4.12,0,0.945314407,0.0546856,0
372,D1.3,1VFB,YL32A,-1.7,0,-3.91228,0,-2.691928864,0,-5.75,0,-7.67,0,0.960181773,0.039818238,0
373,D1.3,1VFB,YL49A,-0.8,0,-2.35154,0,-5.29411459,0,-1.66,0,-4.27,0,0.931963682,0.068036318,0
374,D1.3,1VFB,YL50A,-0.5,0,-2.84519,0,0.113683701,1,-6.62,0,-6.16,0,0.822235584,0.177764431,0
375,D1.3,1VFB,YL50K,-1.67,0,-2.37327,0,-0.034868002,0,-6.71,0,-5.65,0,0.936378002,0.063622013,0
376,D1.3,1VFB,YL50R,-0.85,0,-1.37005,0,0.89334321,1,-5.81,0,-8.65,0,0.849140227,0.150859773,0
377,HYHEL-63,1XGP,AH33F,4.06,1,-6.67909,0,0.510749817,1,-5.96,0,-49.25,0,0.594445467,0.405554563,0
378,HYHEL-63,1XGP,AH33I,2.26,1,-4.25514,0,-1.538180828,0,-6.86,0,-10.02,0,0.726354659,0.273645341,0
379,HYHEL-63,1XGP,AH33L,2.2,1,-3.74156,0,-0.891892433,0,-6.38,0,-8.67,0,0.734807849,0.265192181,0
380,HYHEL-63,1XGP,AH33V,1.15,1,-4.01876,0,-0.669163704,0,-8.44,0,-14.91,0,0.680297136,0.319702893,0
381,HYHEL-63,1XGQ,VH33A,-1.15,0,-2.24357,0,0.669163704,1,-0.67,0,-4.56,0,0.788490355,0.211509645,0
382,HYHEL-63,1XGQ,VH33F,2.91,1,-6.92696,0,1.179913521,1,-2.25,0,-27.83,0,0.358466685,0.641533315,1
383,HYHEL-63,1XGQ,VH33I,1.11,1,1.1825,1,-0.869017124,0,1.31,1,-0.3,0,0.243323922,0.756676078,1
384,HYHEL-63,1XGQ,VH33L,1.05,1,0.704675,1,-0.222728729,0,2.85,1,2.6,1,0.434176385,0.565823615,1
385,HYHEL-63,1XGR,IH33A,-2.26,0,-3.10655,0,1.534212589,1,-2.58,0,-5.46,0,0.933323622,0.066676371,0
386,HYHEL-63,1XGR,IH33F,1.8,1,-8.59132,0,2.054327011,1,0.85,1,-6.91,0,0.463636041,0.536363959,1
387,HYHEL-63,1XGR,IH33L,-0.06,0,-0.065444,0,0.650092602,1,1.19,1,1.52,1,0.638950467,0.361049533,0
388,HYHEL-63,1XGR,IH33V,-1.11,0,-1.0858,0,0.875406742,1,-1.94,0,-1.47,0,0.793780684,0.206219345,0
389,HYHEL-63,1XGT,LH33A,-2.2,0,-3.18212,0,0.948279858,1,-3.17,0,-6.01,0,0.839525938,0.160474032,0
390,HYHEL-63,1XGT,LH33F,1.86,1,-6.64152,0,1.518543243,1,-4.58,0,-8.68,0,0.210499823,0.789500177,1
391,HYHEL-63,1XGT,LH33I,0.06,1,-0.421142,0,-0.643876076,0,-0.8,0,-1.9,0,0.830923557,0.169076443,0
392,HYHEL-63,1XGT,LH33V,-1.05,0,-1.4056,0,0.241431236,1,-2.69,0,-4.37,0,0.87806195,0.121938035,0
393,HYHEL-63,1XGU,FH33A,-4.06,0,-2.03071,0,-1.267592669,0,-4.47,0,4.32,1,0.928019404,0.071980596,0
394,HYHEL-63,1XGU,FH33I,-1.8,0,-0.752605,0,-2.993142843,0,-4.47,0,7.07,1,0.854739428,0.145260602,0
395,HYHEL-63,1XGU,FH33L,-1.86,0,0.403123,1,-2.43255496,0,-0.74,0,8.95,1,0.772428453,0.227571562,0
396,HYHEL-63,1XGU,FH33V,-2.91,0,-1.81664,0,-2.239993334,0,-6.35,0,4.53,1,0.851266623,0.148733348,0
398,Cetuximab,1YY9,AL25P,-0.07,0,0.470023,1,-5.20373106,0,0,1,-10.37,0,0.668198943,0.331801027,0
399,Cetuximab,1YY9,AH98P,-1.04,0,2.25356,1,-0.878315687,0,1.05,1,1.65,1,0.256929219,0.743070781,1
400,Cetuximab,1YY9,GH54P,-0.27,0,0.0271473,1,-3.114255428,0,-0.43,0,-15.02,0,0.404695988,0.595304012,1
401,Cetuximab,1YY9,LH29P,-0.03,0,-0.760705,0,-3.614744902,0,0.06,1,10.65,1,0.808827102,0.191172913,0
402,Cetuximab,1YY9,NL93A,0.74,1,0.262802,1,0.405833244,1,-1.24,0,-2.89,0,0.773439407,0.226560593,0
403,Cetuximab,1YY9,NH56A,0.06,1,0.565596,1,-0.892668724,0,0.2,1,1.98,1,0.976417303,0.023582693,0
404,Cetuximab,1YY9,SL26D,0.2,1,-0.557603,0,-5.652774334,0,0.11,1,-6.85,0,0.134837389,0.865162611,1
405,Cetuximab,1YY9,SL26P,0.01,1,-3.41575,0,-4.52149868,0,0.11,1,-28.53,0,0.134072244,0.865927756,1
406,Cetuximab,1YY9,SL28P,0.22,1,1.49192,1,-3.624316216,0,-0.29,0,0.93,1,0.752768219,0.247231767,0
407,Cetuximab,1YY9,SL54P,0.02,1,1.26457,1,0.161695957,1,0,1,1.8,1,0.96740979,0.032590188,0
408,Cetuximab,1YY9,SH53P,-0.82,0,2.35874,1,-2.419623852,0,0.15,1,1.05,1,0.417102277,0.582897723,1
409,Cetuximab,1YY9,TL31E,0.52,1,0.439707,1,-3.587896109,0,0.65,1,1.71,1,0.766843975,0.233156011,0
410,Cetuximab,1YY9,TL96P,-4,0,2.53538,1,-3.686329126,0,-0.15,0,6.61,1,0.861254215,0.138745815,0
411,Cetuximab,1YY9,TH61E,0.06,1,0.713745,1,-1.496002197,0,0.03,1,-0.77,0,0.21127367,0.78872633,1
412,Cetuximab,1YY9,WH52P,-1.48,0,-3.68214,0,-6.748434067,0,-1.52,0,-12.98,0,0.95272243,0.047277551,0
413,Cetuximab,1YY9,YH101P,-1.65,0,0.68735,1,-1.269808531,0,-0.96,0,-3.36,0,0.932427108,0.067572899,0
414,AQC2,2B2X,EH64K,0.16,1,-0.013396,0,5.608942986,1,0,1,1.07,1,0.548196793,0.451803178,0
415,AQC2,2B2X,VH50T,-0.09,0,-1.54377,0,-0.323862314,0,2.66,1,3.01,1,0.92304033,0.076959647,0
416,AQC2,2B2X,YL52E,0.22,1,-0.180385,0,0.959537029,1,0.11,1,3.36,1,0.977371693,0.02262833,0
417,11K2,2BDN,DH31E,-1.09,0,-0.322967,0,-2.3350811,0,-7.04,0,-7.06,0,0.685155511,0.314844519,0
418,11K2,2BDN,LH27K,-0.87,0,-2.39998,0,-1.844082832,0,-6.65,0,-3.62,0,0.675194442,0.324805558,0
419,11K2,2BDN,LH27R,-0.65,0,-1.79975,0,-2.409918785,0,-6.65,0,-6.21,0,0.751845837,0.248154163,0
420,11K2,2BDN,NH28D,-0.13,0,-0.251147,0,-1.891080141,0,-13.72,0,-10.06,0,0.38465935,0.61534065,1
421,11K2,2BDN,NH28Q,-1.4,0,-0.529813,0,-2.93133378,0,-13.63,0,-9.99,0,0.41238755,0.58761245,1
422,11K2,2BDN,NL31K,-3.49,0,0.943012,1,-2.675480366,0,-13.34,0,-13.99,0,0.595831752,0.404168278,0
423,11K2,2BDN,NL31R,0.92,1,1.55515,1,-2.627017498,0,-13.34,0,-13.7,0,0.541961312,0.458038688,0
424,11K2,2BDN,SL53D,0.16,1,0.709047,1,-1.848348737,0,-13.08,0,-10.57,0,0.437334359,0.562665641,1
425,11K2,2BDN,SL53E,0.85,1,0.0067459,1,-2.734926224,0,-10.52,0,-8.3,0,0.568379879,0.431620151,0
426,11K2,2BDN,TL56D,0.43,1,-0.0948976,0,-3.270635366,0,-13.9,0,-12.87,0,0.36857444,0.63142556,1
427,11K2,2BDN,TL56E,0.69,1,0.00559037,1,-4.12574482,0,-13,0,-11.1,0,0.390449286,0.609550714,1
428,11K2,2BDN,YL30K,-0.67,0,0.972254,1,-2.832948208,0,-16.68,0,-16.37,0,0.757802188,0.242197827,0
475,CR1,2NYY,DL30Y,-0.65,0,-4.25875,0,0.732797861,1,-3.51,0,-76.93,0,0.302349389,0.697650611,1
477,CR1,2NYY,EH6Q,0.25,1,0.548334,1,-3.02832365,0,-0.95,0,-4.88,0,0.468752265,0.531247735,1
481,CR1,2NYY,HL34Q,0.06,1,0.528114,1,0.277382374,1,3.73,1,5.12,1,0.765063643,0.234936386,0
482,CR1,2NYY,HL34R,-0.1,0,1.16469,1,0.609697342,1,5.76,1,8.46,1,0.622948825,0.377051175,0
487,CR1,2NYY,KH30R,-0.07,0,-0.278107,0,0.232646942,1,-1,0,2.49,1,0.583017826,0.416982204,0
489,CR1,2NYY,MH34Q,0.06,1,-3.51497,0,-5.324195862,0,-0.95,0,2.81,1,0.782953262,0.217046738,0
497,CR1,2NYY,SL28Q,-0.42,0,0.26822,1,-3.748362064,0,1.42,1,2.55,1,0.596869111,0.403130919,0
498,CR1,2NYY,SL31N,0.36,1,-6.88638,0,-0.942799687,0,1.26,1,-4.47,0,0.50680244,0.49319759,0
500,CR1,2NYY,VH37I,0.22,1,0.659087,1,-2.621427536,0,-0.95,0,-5.81,0,0.882275105,0.117724888,0
501,CR1,2NYY,YH31D,-0.07,0,-2.85856,0,1.979194164,1,0.37,1,3.96,1,0.85679543,0.14320457,0
502,CR1,2NYY,YH31Q,-0.13,0,-1.01493,0,-1.705584049,0,2.04,1,5.7,1,0.791757941,0.208242059,0
503,CR1,2NYY,YH57Q,-0.52,0,-3.5206,0,-1.137648582,0,0.88,1,12.75,1,0.610604644,0.389395356,0
526,bH1,3BDY,DH31A,-0.2,0,-0.221359,0,-1.650113821,0,0,1,-1.77,0,0.872506022,0.127494007,0
527,bH1,3BDY,DH98A,0,1,0.00246536,1,0.264045715,1,-0.46,0,-1.45,0,0.819054365,0.180945605,0
529,bH1,3BDY,FH100A,-0.7,0,-3.30169,0,-1.0103755,0,0.61,1,-6.81,0,0.323332012,0.676667988,1
530,bH1,3BDY,GH96A,-0.2,0,-1.2004,0,-0.874414921,0,-0.01,0,-15.99,0,0.336039305,0.663960695,1
531,bH1,3BDY,GH97A,0.1,1,-2.58498,0,-0.818627715,0,0.19,1,-12.2,0,0.75414753,0.245852485,0
532,bH1,3BDY,GH99A,-0.8,0,0.40155,1,-1.126905203,0,0.85,1,-1.53,0,0.522324085,0.477675945,0
533,bH1,3BDY,GL31A,-1.2,0,-2.68975,0,-0.514228106,0,-3.81,0,-9,0,0.84059906,0.15940094,0
534,bH1,3BDY,GL51A,-1,0,-3.52234,0,3.147682667,1,-0.44,0,-14.07,0,0.819980979,0.180018991,0
535,bH1,3BDY,HL91A,-2,0,-0.542866,0,-0.397158384,0,-2.85,0,-10.56,0,0.643814087,0.356185913,0
537,bH1,3BDY,IL29A,-0.8,0,-3.09973,0,1.797779799,1,-3.51,0,-4.69,0,0.574489355,0.425510645,0
538,bH1,3BDY,KH30A,-0.2,0,-0.105579,0,0.228622913,1,-0.8,0,-2.88,0,0.57043314,0.42956686,0
539,bH1,3BDY,NH54A,0.2,1,-0.733703,0,-2.001376867,0,-0.1,0,-7.44,0,0.65834558,0.34165445,0
541,bH1,3BDY,RH50A,0.3,1,0.576416,1,-0.560461283,0,-0.05,0,1.12,1,0.830218554,0.169781417,0
542,bH1,3BDY,RH58A,0.2,1,0.31228,1,0.490879536,1,-0.56,0,-2.23,0,0.693361878,0.306638151,0
544,bH1,3BDY,SL28A,-1,0,0.311926,1,-1.926270008,0,-0.8,0,-3.4,0,0.803709388,0.196290642,0
545,bH1,3BDY,SL30A,-1.3,0,-0.142677,0,-2.34904623,0,-0.29,0,-2.64,0,0.70687747,0.2931225,0
546,bH1,3BDY,SL52A,-0.1,0,0.254819,1,-3.692881107,0,-0.6,0,-3.72,0,0.864154994,0.135845006,0
547,bH1,3BDY,TH32A,0.4,1,-2.0793,0,0.030217648,1,0,1,-4.21,0,0.61930728,0.38069272,0
548,bH1,3BDY,TH53A,0.5,1,0.59922,1,-0.241775274,0,-0.8,0,-2.31,0,0.762467742,0.237532228,0
549,bH1,3BDY,TL93A,0.3,1,0.414987,1,-0.518669844,0,-0.22,0,-4.23,0,0.593848944,0.406151086,0
550,bH1,3BDY,TL94A,0,1,-0.00579519,0,-0.744786739,0,-1.7,0,-0.27,0,0.546995163,0.453004837,0
551,bH1,3BDY,WH95A,-2,0,-2.74595,0,0.942144871,1,-1.2,0,-6.15,0,0.494379997,0.505620003,1
552,bH1,3BDY,WL50A,-1.3,0,-3.65187,0,-0.523510456,0,-4.41,0,-10.92,0,0.840759873,0.159240142,0
554,bH1,3BDY,YH33A,-0.3,0,-1.56897,0,-1.24576211,0,-2.81,0,-10.7,0,0.816046834,0.183953151,0
555,bH1,3BDY,YH52A,-0.4,0,-1.9109,0,-1.013942719,0,0.19,1,-2.75,0,0.794422626,0.205577344,0
556,bH1,3BDY,YH56A,-0.2,0,-0.443501,0,-0.327721596,0,0.01,1,-1.33,0,0.633729219,0.366270751,0
557,bH1,3BDY,YL32A,-1.7,0,-5.07554,0,-2.445265293,0,-0.49,0,-8.65,0,0.508134007,0.491865993,0
558,bH1,3BDY,YL53A,-0.7,0,-1.38672,0,0.904771328,1,-1.42,0,-5.51,0,0.741398573,0.258601457,0
559,bH1,3BDY,YL92A,-1.4,0,-2.16577,0,-2.978827953,0,-2.3,0,-4.91,0,0.874593437,0.125406563,0
560,Herceptin,3BE1,DH31A,-0.4,0,0.018973,1,-1.662728548,0,0,1,-0.53,0,0.995770514,0.004229463,0
561,Herceptin,3BE1,DH98A,0.1,1,-0.0770517,0,0.447984219,1,0.19,1,-0.99,0,0.955704987,0.044295009,0
563,Herceptin,3BE1,FH100A,-1.9,0,-2.13645,0,-1.527040839,0,0.27,1,-6.39,0,0.96635896,0.033641059,0
564,Herceptin,3BE1,GH96A,-0.1,0,-2.20405,0,-0.724343777,0,0.06,1,-7.18,0,0.971758485,0.028241517,0
565,Herceptin,3BE1,GH97A,-0.3,0,-1.06047,0,-0.560472488,0,0.93,1,-4.56,0,0.987608254,0.012391773,0
566,Herceptin,3BE1,GH99A,-1.8,0,0.270389,1,-1.139826059,0,0.29,1,-3.5,0,0.878370702,0.121629313,0
567,Herceptin,3BE1,GL31A,-0.3,0,0.126463,1,0.275897503,1,2.68,1,0.42,1,0.975315034,0.024684969,0
568,Herceptin,3BE1,GL51A,0.3,1,-2.0262,0,3.567646027,1,1.98,1,-9.04,0,0.105620801,0.894379199,1
569,Herceptin,3BE1,HL91A,-0.9,0,0.170645,1,0.381662369,1,2.73,1,-1.13,0,0.981620371,0.018379649,0
571,Herceptin,3BE1,IL29A,-0.9,0,-2.21164,0,2.042327166,1,1.79,1,-3.86,0,0.185815454,0.814184546,1
572,Herceptin,3BE1,KH30A,0.3,1,-0.276843,0,0.492243767,1,0.48,1,4.91,1,0.6815781,0.3184219,0
573,Herceptin,3BE1,NH54A,0.8,1,-0.815126,0,-1.222682476,0,1.86,1,-5.49,0,0.929387093,0.070612907,0
575,Herceptin,3BE1,RH50A,-2.4,0,-3.63102,0,-0.307556748,0,1.05,1,0.24,1,0.833631158,0.166368842,0
576,Herceptin,3BE1,RH58A,-2.5,0,-0.696467,0,-0.443092346,0,8.28,1,5.82,1,0.877480626,0.122519404,0
578,Herceptin,3BE1,SL28A,-0.3,0,-0.892337,0,-1.476392031,0,1.71,1,-0.14,0,0.959444404,0.040555574,0
579,Herceptin,3BE1,SL30A,0.2,1,0.621154,1,-1.763447046,0,2.21,1,0.58,1,0.885811687,0.114188343,0
580,Herceptin,3BE1,SL52A,-0.3,0,-0.207469,0,-4.17448616,0,0.65,1,-2,0,0.858890235,0.141109765,0
581,Herceptin,3BE1,TH32A,0.4,1,1.49639,1,-0.06516695,0,0.48,1,-5.15,0,0.641986966,0.358013004,0
582,Herceptin,3BE1,TH53A,-0.1,0,-0.330321,0,-0.275099039,0,0.48,1,0.14,1,0.713261604,0.286738396,0
583,Herceptin,3BE1,TL93A,0.4,1,-1.10456,0,-0.312384367,0,8.3,1,4.95,1,0.916882455,0.08311753,0
584,Herceptin,3BE1,TL94A,-1.4,0,-1.41202,0,-0.921054125,0,9.15,1,4.4,1,0.91046524,0.089534774,0
585,Herceptin,3BE1,WH95A,-1.8,0,-1.13257,0,0.670220852,1,6.73,1,3.75,1,0.975396574,0.024603453,0
586,Herceptin,3BE1,WL50A,-1.4,0,-2.79598,0,3.892909527,1,-0.55,0,-5.95,0,0.080462277,0.919537723,1
588,Herceptin,3BE1,YH33A,-2.4,0,-2.50492,0,-1.142911196,0,-0.87,0,-5.5,0,0.957511246,0.042488754,0
589,Herceptin,3BE1,YH52A,0.8,1,-1.80419,0,-1.073307991,0,1.19,1,-4.67,0,0.905690551,0.094309464,0
590,Herceptin,3BE1,YH56A,-1.8,0,-1.05263,0,0.562567711,1,-1.19,0,-3.15,0,0.978880584,0.021119397,0
591,Herceptin,3BE1,YL32A,0.8,1,-1.31889,0,-1.805093765,0,-3.98,0,-5.61,0,0.130399227,0.869600773,1
592,Herceptin,3BE1,YL53A,-0.9,0,-1.0041,0,0.939230442,1,-0.94,0,-3.91,0,0.867710531,0.132289454,0
593,Herceptin,3BE1,YL92A,-0.5,0,-0.959545,0,-3.121713161,0,3.33,1,-0.13,0,0.885598898,0.114401072,0
631,HYHEL-63,3HFM,CH95A,-5.52,0,-3.90799,0,-11.15081501,0,0,1,4.46,1,0.238431036,0.761568964,1
632,HYHEL-63,3HFM,CH95F,-3.25,0,-25.245,0,-9.926082611,0,0,1,-69.72,0,0.139882028,0.860117972,1
633,HYHEL-63,3HFM,DH32A,-1.9,0,-0.585898,0,-1.621629715,0,1.29,1,17.58,1,0.670553684,0.329446286,0
634,HYHEL-63,3HFM,DH32N,-0.17,0,-0.610026,0,1.942956686,1,0.94,1,19.75,1,0.836712003,0.163287967,0
657,HYHEL-63,3HFM,NL31A,-5.22,0,1.36837,1,-3.554196835,0,-1.69,0,2.4,1,0.606665254,0.393334746,0
658,HYHEL-63,3HFM,NL31D,-1.34,0,-0.519424,0,-3.457555294,0,1.2,1,7.31,1,0.562983334,0.437016666,0
659,HYHEL-63,3HFM,NL31E,-5.67,0,-0.339881,0,-5.255038261,0,-1.65,0,-3.44,0,0.44770664,0.55229336,1
660,HYHEL-63,3HFM,NL32A,-5.11,0,2.42388,1,-1.491649032,0,-1.51,0,1.38,1,0.716626525,0.283373475,0
665,HYHEL-63,3HFM,QL53A,-0.95,0,-0.37703,0,-0.771397114,0,-1.13,0,4.22,1,0.640726328,0.359273702,0
676,HYHEL-63,3HFM,SH31A,-0.17,0,0.01915,1,-3.768344402,0,5.39,1,24.74,1,0.598156452,0.401843518,0
679,HYHEL-63,3HFM,WH98A,-5.54,0,-1.19002,0,-0.19073844,0,-0.88,0,10.51,1,0.389032185,0.610967815,1
680,HYHEL-63,3HFM,WH98F,-3.27,0,0.617747,1,-1.683952332,0,0.94,1,11.71,1,0.683840752,0.316159248,0
682,HYHEL-63,3HFM,YH33A,-6,0,1.28271,1,-3.222351313,0,-7.19,0,11.27,1,0.902458906,0.097541079,0
683,HYHEL-63,3HFM,YH33F,-1.07,0,0.318973,1,-2.711835384,0,-9.02,0,0.89,1,0.641087055,0.358912945,0
684,HYHEL-63,3HFM,YH33L,-2.01,0,4.18338,1,-4.013109207,0,-6.99,0,-0.38,0,0.771059752,0.228940248,0
685,HYHEL-63,3HFM,YH33W,-1.75,0,-12.1572,0,-2.668529987,0,-24.24,0,-6.2,0,0.550215006,0.449784994,0
686,HYHEL-63,3HFM,YH50A,-7.32,0,-3.09192,0,-1.275806308,0,6.98,1,17.69,1,0.753819227,0.246180788,0
687,HYHEL-63,3HFM,YH50F,-1.61,0,-1.08719,0,-1.797117591,0,7.44,1,18.1,1,0.605106592,0.394893378,0
688,HYHEL-63,3HFM,YH50L,-2.85,0,-1.95367,0,-2.799589157,0,6.9,1,17.61,1,0.714811742,0.285188258,0
689,HYHEL-63,3HFM,YH53A,-3.25,0,0.515698,1,-1.11694169,0,3.78,1,19.19,1,0.791439056,0.208560944,0
690,HYHEL-63,3HFM,YH53F,-0.62,0,0.0470161,1,-1.262297869,0,5.1,1,16.18,1,0.913005471,0.086994499,0
691,HYHEL-63,3HFM,YH53L,-0.81,0,0.354373,1,-1.833205462,0,7.02,1,7.82,1,0.838047981,0.161952049,0
692,HYHEL-63,3HFM,YH53W,-0.71,0,0.365378,1,-0.444666147,0,6.48,1,16.82,1,0.70377028,0.29622969,0
693,HYHEL-63,3HFM,YH58A,-1.68,0,-0.873841,0,-2.776100636,0,5.94,1,17.9,1,0.519642591,0.480357379,0
694,HYHEL-63,3HFM,YH58F,-0.36,0,-0.624532,0,-1.621026278,0,7.42,1,20.68,1,0.368571877,0.631428123,1
695,HYHEL-63,3HFM,YH58L,-1.51,0,-0.0394721,0,-2.583937645,0,-1.26,0,10.31,1,0.357037663,0.642962337,1
696,HYHEL-63,3HFM,YL50A,-4.57,0,-0.300082,0,-1.96624577,0,-0.54,0,4.97,1,0.91609776,0.08390227,0
697,HYHEL-63,3HFM,YL50F,-2.36,0,-1.9028,0,-2.622425079,0,-2.65,0,-0.96,0,0.902477741,0.097522274,0
698,HYHEL-63,3HFM,YL50L,-4.4,0,-0.277981,0,-3.305947304,0,-7.07,0,-3.52,0,0.708233654,0.291766346,0
699,HYHEL-63,3HFM,YL96A,-2.71,0,-1.18263,0,-0.521354914,0,0.28,1,32.87,1,0.96836102,0.031638961,0
700,HYHEL-63,3HFM,YL96F,-1.4,0,0.513318,1,0.672655344,1,0.51,1,26.26,1,0.895558596,0.104441434,0
723,VRC01,3NGB,AH57G,-0.06,0,-1.01469,0,-0.385500669,0,-1.08,0,-2.79,0,0.621307373,0.378692597,0
724,VRC01,3NGB,DH103A,-0.06,0,0.154184,1,-0.912909031,0,-1.9,0,-2.44,0,0.991357863,0.008642129,0
725,VRC01,3NGB,EL88A,-1.3,0,-0.790853,0,-0.259469986,0,-3.28,0,-5.89,0,0.999934852,6.52E-05,0
726,VRC01,3NGB,FL89A,-0.85,0,-1.24033,0,0.763339043,1,-3.06,0,-2.09,0,0.993732929,0.006267089,0
727,VRC01,3NGB,GH55A,1.26,1,-0.974129,0,-2.029244423,0,-2.3,0,-5.07,0,0.987509906,0.012490097,0
728,VRC01,3NGB,GH55S,0.73,1,-1.81565,0,0.447645307,1,-3.15,0,-5.29,0,0.834100485,0.165899545,0
729,VRC01,3NGB,GH56A,-1.25,0,-5.56034,0,-2.565864563,0,0.42,1,-21.26,0,0.998699963,0.001300065,0
730,VRC01,3NGB,IH30A,0,1,-0.419545,0,0.604751587,1,-1.27,0,-0.49,0,0.988693655,0.011306358,0
731,VRC01,3NGB,IH30T,0.08,1,-0.308281,0,3.01102972,1,-0.95,0,1.56,1,0.949436426,0.050563592,0
732,VRC01,3NGB,KH52A,-0.61,0,-1.39075,0,0.518645287,1,-3.1,0,-3.86,0,0.98072499,0.019274987,0
733,VRC01,3NGB,KH52N,0.18,1,-0.907357,0,3.409276962,1,-3.15,0,-2.11,0,0.985671937,0.014328077,0
734,VRC01,3NGB,MH70A,-0.52,0,-3.3875,0,-1.05517447,0,-0.36,0,-4.27,0,0.000709713,0.999290287,1
735,VRC01,3NGB,NH105A,-1.1,0,-0.0933584,0,-0.445587635,0,2.64,1,-2.95,0,0.999384761,0.000615241,0
736,VRC01,3NGB,NH59A,-1.74,0,-0.790118,0,-1.797534943,0,-3.09,0,-6.56,0,0.9101969,0.089803129,0
737,VRC01,3NGB,PH63A,0.04,1,-1.97978,0,0.868357182,1,-1.57,0,-1.73,0,0.002422333,0.997577667,1
738,VRC01,3NGB,PH63K,0.23,1,-0.970005,0,2.146991253,1,-1.57,0,-0.58,0,0.002444446,0.997555554,1
739,VRC01,3NGB,QH65A,0.34,1,-0.43833,0,-6.365904331,0,-2.6,0,-7.06,0,0.684538424,0.315461576,0
740,VRC01,3NGB,QL25A,0.23,1,-0.23347,0,-0.710782528,0,-1.01,0,3.53,1,0.998342752,0.001657245,0
741,VRC01,3NGB,RH54A,0.26,1,-1.51639,0,0.221638441,1,-0.82,0,-1.65,0,0.183062196,0.816937804,1
742,VRC01,3NGB,RH54N,0.05,1,-0.493743,0,0.769231796,1,-0.28,0,-1.6,0,0.928689063,0.071310945,0
743,VRC01,3NGB,RH62A,-0.98,0,-2.83557,0,2.484834671,1,-6.92,0,-7.5,0,0.999620736,0.00037925,0
744,VRC01,3NGB,RH62Q,0.1,1,-2.5517,0,3.788780689,1,-4.57,0,-4.95,0,0.999417722,0.000582284,0
745,VRC01,3NGB,RH72A,-1.62,0,-2.04007,0,-1.386336803,0,-6.87,0,-11.04,0,0.999844491,0.000155536,0
746,VRC01,3NGB,SL28A,0.14,1,0.0922961,1,-1.659927249,0,-0.61,0,1.51,1,0.999471784,0.000528208,0
747,VRC01,3NGB,TH33A,-0.7,0,0.380639,1,0.847998619,1,-0.17,0,-1.83,0,0.971685886,0.028314088,0
748,VRC01,3NGB,TH33Y,0.08,1,-1.05865,0,2.426372051,1,-1.89,0,-1.93,0,0.025167644,0.974832356,1
749,VRC01,3NGB,VH58A,-1.34,0,-0.753306,0,-0.898931265,0,-1.53,0,-1.97,0,0.999135196,0.000864816,0
750,VRC01,3NGB,VH58T,0.14,1,-0.697031,0,1.891821146,1,-0.3,0,-0.35,0,0.998821616,0.001178355,0
751,VRC01,3NGB,VH74A,-1.07,0,-0.333135,0,-0.765572786,0,-1.06,0,0.77,1,0.923698783,0.076301225,0
752,VRC01,3NGB,VH74T,0.16,1,-0.188494,0,-0.334266663,0,-1.09,0,1.62,1,0.597257495,0.402742475,0
753,VRC01,3NGB,VL1A,0.76,1,-0.508174,0,2.643891335,1,-2.07,0,4.11,1,0.077221096,0.922778904,1
754,VRC01,3NGB,WH106A,-4.39,0,-3.15107,0,-1.058241129,0,-3.71,0,-9.74,0,0.999839425,0.000160565,0
755,VRC01,3NGB,WH47A,-1.18,0,-3.39378,0,-4.964299679,0,-1.66,0,-9.65,0,0.999174058,0.000825953,0
756,VRC01,3NGB,WH50A,-1.27,0,-2.041,0,-1.068327427,0,-4.27,0,-9.95,0,0.999871671,0.000128358,0
757,VRC01,3NGB,YH104A,-1.4,0,-0.710202,0,-1.507169724,0,2.66,1,-1.47,0,0.949783206,0.050216794,0
758,VRC01,3NGB,YH60A,-0.54,0,-2.28937,0,-5.202559948,0,-2.69,0,-8.25,0,0.999850392,0.000149592,0
759,VRC01,3NGB,YH75A,0.2,1,0.625674,1,2.507300615,1,-1.84,0,2.35,1,0.997865677,0.002134324,0
760,VRC01,3NGB,YH75S,0.33,1,0.00579702,1,4.587957859,1,-1.53,0,3.23,1,0.999494791,0.000505232,0
761,VRC01,3NGB,YL26A,-0.97,0,-0.131703,0,-0.720966578,0,0.1,1,6.39,1,0.998187721,0.00181229,0
762,VRC01,3NGB,YL26S,0.64,1,-0.188299,0,1.591632247,1,-0.27,0,7.09,1,0.997215152,0.002784873,0
763,VRC01,3NGB,YL87A,-1.99,0,-1.81484,0,0.057263613,1,-4.04,0,1.45,1,0.998902261,0.001097751,0
791,VRC03,3SE8,DH110A,0.38,1,-0.106423,0,-1.011009693,0,-3.85,0,-1.38,0,0.593680978,0.406318992,0
792,VRC03,3SE8,DH114A,0.24,1,-1.71259,0,-0.694497585,0,-7.52,0,-7.21,0,0.967032909,0.032967061,0
793,VRC03,3SE8,DL49A,-0.84,0,-0.61326,0,1.507805586,1,-4.28,0,-5.87,0,0.291644871,0.708355129,1
794,VRC03,3SE8,EL1A,0.55,1,1.73323,1,0.209822178,1,-5.45,0,-2.93,0,0.025047898,0.974952102,1
795,VRC03,3SE8,EL91A,-1.49,0,-1.93045,0,0.494351149,1,-9.8,0,-5.18,0,0.889170945,0.110829048,0
796,VRC03,3SE8,FH115A,-1.05,0,-3.96403,0,0.493558884,1,-5.53,0,-10.81,0,0.1914891,0.8085109,1
797,VRC03,3SE8,FL90A,0.85,1,-2.11421,0,1.414324284,1,-7.22,0,-5.58,0,0.999993145,6.84E-06,0
798,VRC03,3SE8,FL92A,-0.82,0,-4.04992,0,0.112680435,1,-6.51,0,-10.78,0,0.144505501,0.855494499,1
799,VRC03,3SE8,GH56A,-0.35,0,-4.77392,0,-3.232078791,0,-3.35,0,-16.78,0,0.986923754,0.013076261,0
800,VRC03,3SE8,KH52A,-1.09,0,-0.922889,0,0.681732178,1,-5.25,0,-9,0,0.925529122,0.074470907,0
801,VRC03,3SE8,LH54A,-0.05,0,-1.19418,0,0.93440032,1,-6.27,0,-8.43,0,0.876936018,0.123064004,0
802,VRC03,3SE8,NL30A,-0.19,0,0.358988,1,-0.637154341,0,-4.1,0,-3.33,0,0.847495556,0.152504459,0
803,VRC03,3SE8,PH78A,-0.02,0,-1.37135,0,-0.07600069,0,-6.02,0,-9.39,0,0.358578503,0.641421497,1
804,VRC03,3SE8,PH81A,0.07,1,-0.687477,0,-0.100161791,0,-4.35,0,-6.03,0,0.895614803,0.10438519,0
805,VRC03,3SE8,QH63A,-1.1,0,-1.72971,0,0.321993828,1,-7.28,0,-6.56,0,0.364299715,0.635700285,1
806,VRC03,3SE8,QH65A,-0.54,0,-1.17905,0,-2.952519417,0,-7.69,0,-11.31,0,0.013244927,0.986755073,1
807,VRC03,3SE8,QH76A,-0.1,0,0.0757838,1,1.545202732,1,-5.53,0,-9.42,0,0.683153391,0.316846579,0
808,VRC03,3SE8,QL27A,0.21,1,-0.706508,0,-0.039125919,0,-5.36,0,-4.11,0,0.455652475,0.544347525,1
809,VRC03,3SE8,RH30A,0.04,1,-1.1214,0,-0.041894913,0,-4.32,0,-4.7,0,0.72383213,0.27616784,0
810,VRC03,3SE8,RH62A,-1.19,0,-1.49025,0,0.613038301,1,-6.42,0,-3.8,0,0.604680538,0.395319462,0
811,VRC03,3SE8,RH72A,-2.6,0,-1.77342,0,0.922925949,1,-10.73,0,-15.62,0,0.917050123,0.082949847,0
812,VRC03,3SE8,SH59A,-1.13,0,0.398662,1,-1.093229055,0,-3.23,0,-4.89,0,0.77949816,0.220501855,0
813,VRC03,3SE8,VH58A,-1.23,0,-1.70412,0,0.155194283,1,-4.03,0,-5.22,0,0.892437518,0.107562505,0
814,VRC03,3SE8,WH47A,-1.45,0,-4.17456,0,-3.063156366,0,-6.27,0,-7.37,0,0.99959445,0.000405551,0
815,VRC03,3SE8,WH50A,-1.31,0,-2.11568,0,-1.045239687,0,-8.04,0,-15.31,0,0.906581104,0.093418911,0
816,VRC03,3SE8,WH55A,-0.75,0,-3.42896,0,2.195419788,1,-11.3,0,-13.76,0,0.469097078,0.530902922,1
817,VRC03,3SE8,YH111A,-0.82,0,0.228724,1,-0.087709904,0,0.03,1,-1.4,0,0.547114849,0.452885121,0
818,VRC03,3SE8,YH60A,-0.84,0,-4.1615,0,-3.252249718,0,-4.79,0,-13.99,0,0.890384138,0.109615877,0
819,VRC-PG04,3SE9,DH77A,0.75,1,1.0449,1,3.90951252,1,-0.3,0,0.59,1,0.07642442,0.92357558,1
820,VRC-PG04,3SE9,EL90A,-0.41,0,-1.15692,0,-1.162615776,0,-0.64,0,-6.42,0,0.980623662,0.019376336,0
821,VRC-PG04,3SE9,FL91A,-0.02,0,-1.75195,0,0.187819004,1,-1.17,0,-6.53,0,0.107736766,0.892263234,1
822,VRC-PG04,3SE9,GH106A,0.3,1,-2.94691,0,-1.026370287,0,2.79,1,-1.31,0,0.299714088,0.700285912,1
823,VRC-PG04,3SE9,GH107A,0.61,1,-0.071399,0,-1.031708717,0,1.79,1,4.77,1,0.101649284,0.898350716,1
824,VRC-PG04,3SE9,GH109A,-0.18,0,-3.43011,0,-0.967482805,0,0.39,1,-2.6,0,0.088921547,0.911078453,1
825,VRC-PG04,3SE9,GH57A,-0.45,0,-5.88507,0,-1.357381225,0,2.27,1,-16.4,0,0.932327509,0.067672491,0
826,VRC-PG04,3SE9,GH62A,-0.05,0,-0.713378,0,0.603383541,1,0.28,1,-10.99,0,0.956890225,0.043109767,0
827,VRC-PG04,3SE9,GL29A,-0.46,0,-3.19236,0,0.160611391,1,0.18,1,-12.97,0,0.964634717,0.035365272,0
828,VRC-PG04,3SE9,LH34A,-0.56,0,-2.3488,0,0.856686592,1,-2.45,0,-4.24,0,0.901928425,0.098071553,0
829,VRC-PG04,3SE9,LL89A,-0.95,0,-0.514923,0,0.058209181,1,-3.14,0,-4.09,0,0.937091827,0.062908202,0
830,VRC-PG04,3SE9,NH60A,-1.5,0,-1.9011,0,-1.579691052,0,-4.03,0,-7.33,0,0.98198241,0.018017614,0
831,VRC-PG04,3SE9,PH64A,0.44,1,-1.46384,0,-1.341502786,0,-0.1,0,5.12,1,0.106093526,0.893906474,1
832,VRC-PG04,3SE9,RH67A,-1.45,0,0.447585,1,-0.583527327,0,-1.03,0,4.97,1,0.955699801,0.044300217,0
833,VRC-PG04,3SE9,RH74A,-2.64,0,-2.44081,0,-1.262324095,0,-4.91,0,-6.02,0,0.969172537,0.03082747,0
834,VRC-PG04,3SE9,RH76A,0.23,1,-1.04664,0,0.289173126,1,-1.93,0,-4.8,0,0.976927757,0.023072252,0
835,VRC-PG04,3SE9,TH105A,0.44,1,1.22927,1,-0.674787045,0,0.81,1,3.34,1,0.353293657,0.646706343,1
836,VRC-PG04,3SE9,TH56A,0.85,1,-0.78092,0,-0.33789587,0,-0.35,0,-4.41,0,0.991998672,0.008001328,0
837,VRC-PG04,3SE9,VH55A,0.85,1,-0.090465,0,0.992421627,1,0.41,1,-0.09,0,0.939843059,0.060156953,0
838,VRC-PG04,3SE9,VH59A,-0.97,0,-1.52062,0,-0.262225151,0,-0.41,0,-1.08,0,0.464105666,0.535894334,1
839,VRC-PG04,3SE9,VL3A,0.49,1,-1.22456,0,-0.525688887,0,-0.63,0,-1.25,0,0.030391991,0.969608009,1
840,VRC-PG04,3SE9,WH48A,-1.04,0,-3.68354,0,-5.659226894,0,-0.5,0,-8.4,0,0.926117241,0.073882759,0
841,VRC-PG04,3SE9,WH51A,-1.26,0,-4.69644,0,-0.142881632,0,-5.92,0,-11.74,0,0.935994864,0.064005107,0
842,VRC-PG04,3SE9,YH104A,-0.46,0,-0.474367,0,-1.220708847,0,1.79,1,-0.39,0,0.970179379,0.029820636,0
843,VRC-PG04,3SE9,YL28A,-1.1,0,-1.33136,0,-1.078183651,0,0.18,1,-0.19,0,0.982451856,0.017548125,0
850,Lebrikizumab,4I77,DH54A,-2.13,0,-1.90723,0,-1.893648863,0,-6.77,0,-10.37,0,0.76673162,0.233268365,0
851,Lebrikizumab,4I77,NL95A,-1.72,0,-1.41397,0,0.213650227,1,0.7,1,0.88,1,0.63505125,0.36494875,0
852,Lebrikizumab,4I77,WH52A,-2.12,0,-3.2774,0,-2.839100838,0,-2.12,0,-3.9,0,0.868210912,0.131789088,0
853,Lebrikizumab,4I77,WH52F,-2.1,0,0.123386,1,-2.867038727,0,-0.68,0,-1.9,0,0.318564236,0.681435764,1
854,Lebrikizumab,4I77,YH100A,0,1,-0.672662,0,-1.324151754,0,-3.03,0,-6.33,0,0.655652165,0.344347835,0
855,Lebrikizumab,4I77,YH100F,0,1,0.123356,1,-1.454833984,0,-0.23,0,-3.99,0,0.858972371,0.141027629,0
856,Lebrikizumab,4I77,YH101A,-0.94,0,-3.62338,0,-1.548889399,0,-6.75,0,-11.92,0,0.981213987,0.018786037,0
857,Lebrikizumab,4I77,YH101F,0,1,0.259773,1,-1.109912634,0,-1.03,0,-4.02,0,0.860392511,0.139607489,0
858,Lebrikizumab,4I77,YH103A,-1.69,0,-3.96715,0,-1.570483923,0,-1.8,0,-3.39,0,0.887919784,0.112080239,0
859,Lebrikizumab,4I77,YH103F,0,1,-0.62125,0,-0.882503748,0,-0.47,0,3.13,1,0.906848073,0.09315192,0
860,Lebrikizumab,4I77,YL32A,0,1,-2.20421,0,-1.940313578,0,-5.75,0,-7.39,0,0.825762451,0.174237549,0
861,Lebrikizumab,4I77,YL32F,0,1,0.0698948,1,-1.802796364,0,-1.63,0,-3.08,0,0.925211906,0.074788064,0
