ID,Ab Name,Virus strain,chain,mutation,EXP DDG,EXP Label,mCSM-AB2 ,mCSM-AB2 Predictive Label,FoldX5,FoldX5 Predictive Label,MutAb_prob_0,MutAb_prob_1,MutAb Predictive Label
1,P36-5D2,WT614G,H,T30P,-0.048822605,0,-0.59,0,0.158847,1,0.806053638,0.193946362,0
2,P36-5D2,WT614G,H,T31W,1.254063956,1,0.18,1,-2.34909,0,0.332922935,0.667077065,1
3,P36-5D2,WT614G,H,Y32P,-1.857590191,0,-2.48,0,0.738892,1,0.874585629,0.125414401,0
4,P36-5D2,WT614G,H,N52D,-0.997235513,0,0.48,1,-0.0654997,0,0.866681516,0.133318499,0
5,P36-5D2,WT614G,H,A53F,0.085847465,1,0.3,1,-3.64996,0,0.138185501,0.861814499,1
6,P36-5D2,WT614G,H,N55L,-0.76100887,0,0.2,1,1.91234,1,0.145470858,0.854529142,1
7,P36-5D2,WT614G,H,N57L,0.732284588,1,0,0,1.12448,1,0.2814821,0.7185179,1
8,P36-5D2,WT614G,H,G100P,-0.528405004,0,0.67,1,0.352795,1,0.901043653,0.098956332,0
9,P36-5D2,WT614G,H,R103M,1.558516028,1,-1,0,1.47105,1,0.512435794,0.487564236,0
10,P36-5D2,WT614G,H,L104F,1.145400308,1,0.02,1,-1.45007,0,0.864615321,0.135384709,0
11,P36-5D2,WT614G,H,Q105F,-2.03097751,0,-0.6,0,1.82495,1,0.593338072,0.406661928,0
12,P36-5D2,WT614G,L,S30Y,-0.236791871,0,0.6,1,0.864608,1,0.908049226,0.091950767,0
14,P36-5D2,Alpha,H,T30P,-1.591504684,0,-0.59,0,0.158847,1,0.807550788,0.192449182,0
15,P36-5D2,Alpha,H,T31W,1.418209496,1,0.18,1,-2.34909,0,0.88109988,0.118900135,0
16,P36-5D2,Alpha,H,Y32P,-1.407693395,0,-2.48,0,0.738892,1,0.874829173,0.125170857,0
17,P36-5D2,Alpha,H,N52D,-0.686996988,0,0.48,1,-0.0654997,0,0.858751059,0.141248971,0
18,P36-5D2,Alpha,H,A53F,0.178862337,1,0.3,1,-3.64996,0,0.139954984,0.860045016,1
19,P36-5D2,Alpha,H,N55L,-0.3175515,0,0.2,1,1.91234,1,0.139968157,0.860031843,1
20,P36-5D2,Alpha,H,N57L,1.418209496,1,-0.03,0,1.12448,1,0.305320263,0.694679737,1
21,P36-5D2,Alpha,H,G100P,-0.323994806,0,0.67,1,0.352795,1,0.904857814,0.095142163,0
22,P36-5D2,Alpha,H,R103M,1.551203053,1,-1,0,1.47083,1,0.822498441,0.177501559,0
23,P36-5D2,Alpha,H,L104F,1.551203053,1,0.02,1,-1.45007,0,0.86715138,0.132848606,0
24,P36-5D2,Alpha,H,Q105F,-2.072777995,0,-0.6,0,1.82495,1,0.593144,0.406856,0
25,P36-5D2,Alpha,L,S30Y,-0.330369198,0,0.6,1,0.864608,1,0.890871286,0.109128706,0
27,P36-5D2,Beta,H,T30P,-0.607540299,0,-0.49,0,0.158847,1,0.803047121,0.196952879,0
28,P36-5D2,Beta,H,T31W,0.879640286,1,0.43,1,-2.87327,0,0.868021667,0.131978318,0
29,P36-5D2,Beta,H,Y32P,-1.753988716,0,-2.87,0,0.738892,1,0.888711214,0.111288793,0
30,P36-5D2,Beta,H,N52D,-0.064495296,0,0.64,1,0.414271,1,0.852277398,0.147722572,0
31,P36-5D2,Beta,H,A53F,-0.033119631,0,0.16,1,-3.08605,0,0.13071388,0.86928612,1
32,P36-5D2,Beta,H,N55L,0.276726142,1,-0.02,0,2.50172,1,0.135806441,0.864193559,1
33,P36-5D2,Beta,H,N57L,0.746646729,1,-0.06,0,1.17909,1,0.274203658,0.725796342,1
34,P36-5D2,Beta,H,G100P,-0.813321187,0,0.67,1,0.352795,1,0.900903225,0.099096805,0
35,P36-5D2,Beta,H,R103M,1.159762449,1,-1,0,1.58822,1,0.650297105,0.349702895,0
36,P36-5D2,Beta,H,L104F,0.546109276,1,0.02,1,-1.48467,0,0.879035294,0.120964721,0
37,P36-5D2,Beta,H,Q105F,-2.78991919,0,-0.6,0,1.83549,1,0.658302546,0.341697484,0
38,P36-5D2,Beta,L,S30Y,-0.016789843,0,0.6,1,0.800594,1,0.876577377,0.123422638,0
40,P36-5D2,Gamma,H,T30P,-0.17624569,0,-0.49,0,0.158847,1,0.762521148,0.237478882,0
41,P36-5D2,Gamma,H,T31W,1.39188345,1,0.43,1,-2.87327,0,0.891268611,0.108731396,0
42,P36-5D2,Gamma,H,Y32P,-1.493685693,0,-2.87,0,0.738892,1,0.87817347,0.121826537,0
43,P36-5D2,Gamma,H,N52D,-0.121344977,0,0.64,1,0.414271,1,0.891395569,0.108604409,0
44,P36-5D2,Gamma,H,A53F,-0.066627678,0,0.16,1,-3.08605,0,0.124762058,0.875237942,1
45,P36-5D2,Gamma,H,N55L,-0.330778118,0,-0.02,0,2.50172,1,0.256598175,0.743401825,1
46,P36-5D2,Gamma,H,N57L,0.251348475,1,-0.06,0,1.17909,1,0.461599469,0.538400531,1
47,P36-5D2,Gamma,H,G100P,-0.770866766,0,0.67,1,0.352795,1,0.901120543,0.098879442,0
48,P36-5D2,Gamma,H,R103M,1.541666849,1,-1,0,1.58822,1,0.821814477,0.178185508,0
49,P36-5D2,Gamma,H,L104F,0.759603761,1,0.02,1,-1.48467,0,0.885381937,0.114618063,0
50,P36-5D2,Gamma,H,Q105F,-2.711744874,0,-0.6,0,1.83549,1,0.532969356,0.467030674,0
51,P36-5D2,Gamma,L,S30Y,-0.260579429,0,0.6,1,0.800594,1,0.877993643,0.122006342,0
53,P36-5D2,Delta,H,T30P,-0.326520494,0,-0.25,0,0.167683,1,0.804872751,0.195127264,0
54,P36-5D2,Delta,H,T31W,0.526972808,1,0.74,1,-2.44032,0,0.884699523,0.115300462,0
55,P36-5D2,Delta,H,Y32P,-0.715089617,0,-2.46,0,0.771174,1,0.872989178,0.127010822,0
56,P36-5D2,Delta,H,N52D,2.442707533,1,1.1,1,2.23183,1,0.860617936,0.139382064,0
57,P36-5D2,Delta,H,A53F,0.578683164,1,0.26,1,-2.70107,0,0.139269829,0.860730171,1
58,P36-5D2,Delta,H,N55L,0.095632647,1,0,0,2.00567,1,0.136761129,0.863238871,1
59,P36-5D2,Delta,H,N57L,2.883549182,1,-0.66,0,1.29978,1,0.280906975,0.719093025,1
60,P36-5D2,Delta,H,G100P,0.192897755,1,0.73,1,0.197426,1,0.900287747,0.09971223,0
61,P36-5D2,Delta,H,R103M,2.101486094,1,-0.93,0,1.4163,1,0.667060256,0.332939714,0
62,P36-5D2,Delta,H,L104F,1.363636573,1,0.28,1,-0.127144,0,0.861573398,0.138426602,0
63,P36-5D2,Delta,H,Q105F,-0.715089617,0,-0.85,0,2.05317,1,0.59884727,0.40115273,0
64,P36-5D2,Delta,L,S30Y,0.161721315,1,0.6,1,0.922416,1,0.885145545,0.11485447,0
66,P36-5D2,Delta_Plus,H,T30P,-0.56078696,0,-0.25,0,0.167683,1,0.694960952,0.305039018,0
67,P36-5D2,Delta_Plus,H,T31W,0.280015267,1,0.74,1,-2.4403,0,0.890826643,0.10917335,0
68,P36-5D2,Delta_Plus,H,Y32P,-0.021264533,0,-2.46,0,0.771174,1,0.894930303,0.105069719,0
69,P36-5D2,Delta_Plus,H,N52D,2.01389802,1,1.1,1,2.23183,1,0.644128919,0.355871111,0
70,P36-5D2,Delta_Plus,H,A53F,0.756210953,1,0.26,1,-2.70107,0,0.138699412,0.861300588,1
71,P36-5D2,Delta_Plus,H,N55L,-0.181529008,0,0,0,2.00567,1,0.161228001,0.838771999,1
72,P36-5D2,Delta_Plus,H,N57L,2.567901452,1,-0.66,0,1.29975,1,0.539135277,0.460864723,0
73,P36-5D2,Delta_Plus,H,G100P,0.030711486,1,0.73,1,0.197426,1,0.900313199,0.099686794,0
74,P36-5D2,Delta_Plus,H,R103M,1.961386089,1,-0.93,0,1.4163,1,0.624950647,0.375049323,0
75,P36-5D2,Delta_Plus,H,L104F,1.269496115,1,0.28,1,-0.127144,0,0.881223321,0.118776701,0
76,P36-5D2,Delta_Plus,H,Q105F,-0.818159081,0,-0.85,0,2.05317,1,0.510640085,0.489359915,0
77,P36-5D2,Delta_Plus,L,S30Y,-0.11882173,0,0.6,1,0.922416,1,0.884315312,0.115684696,0
79,P36-5D2,Kappa,H,T30P,-0.027574986,0,-0.59,0,0.167683,1,0.802736998,0.197263017,0
80,P36-5D2,Kappa,H,T31W,0.749976347,1,0.34,1,-2.73389,0,0.874021769,0.125978246,0
81,P36-5D2,Kappa,H,Y32P,-0.154450439,0,-2.82,0,0.771174,1,0.872989178,0.127010822,0
82,P36-5D2,Kappa,H,N52D,2.651149766,1,0.9,1,2.51344,1,0.856608868,0.143391132,0
83,P36-5D2,Kappa,H,A53F,0.482402016,1,0.45,1,-2.55691,0,0.139242172,0.860757828,1
84,P36-5D2,Kappa,H,N55L,0.626881001,1,-0.22,0,1.59942,1,0.142665625,0.857334375,1
85,P36-5D2,Kappa,H,N57L,2.680228704,1,-0.47,0,0.753371,1,0.285726964,0.714273036,1
86,P36-5D2,Kappa,H,G100P,0.219496095,1,0.73,1,0.111165,1,0.900363863,0.099636137,0
87,P36-5D2,Kappa,H,R103M,2.501366367,1,-0.93,0,1.74315,1,0.715532005,0.284467995,0
88,P36-5D2,Kappa,H,L104F,1.908571312,1,0.59,1,0.151472,1,0.865244269,0.134755731,0
89,P36-5D2,Kappa,H,Q105F,-0.947489033,0,-1.05,0,1.99609,1,0.576334655,0.423665345,0
90,P36-5D2,Kappa,L,S30Y,0.191835606,1,0.6,1,0.973455,1,0.886619508,0.113380507,0
92,P36-5D2,Epsilon,H,T30P,0.42438891,1,-0.25,0,0.167683,1,0.809326172,0.190673798,0
93,P36-5D2,Epsilon,H,T31W,0.571888552,1,0.74,1,-2.44032,0,0.881267428,0.118732601,0
94,P36-5D2,Epsilon,H,Y32P,0.093392277,1,-2.46,0,0.771174,1,0.87284112,0.12715888,0
95,P36-5D2,Epsilon,H,N52D,2.204530126,1,1.1,1,2.23224,1,0.859542787,0.140457228,0
96,P36-5D2,Epsilon,H,A53F,0.510715454,1,0.26,1,-2.70059,0,0.13943857,0.86056143,1
97,P36-5D2,Epsilon,H,N55L,-0.423638061,0,0,0,2.00567,1,0.136400282,0.863599718,1
98,P36-5D2,Epsilon,H,N57L,-0.423638061,0,-0.66,0,1.29978,1,0.307261586,0.692738414,1
99,P36-5D2,Epsilon,H,G100P,0.283190701,1,0.73,1,0.197426,1,0.904897809,0.095102198,0
100,P36-5D2,Epsilon,H,R103M,2.097726074,1,-0.93,0,1.4163,1,0.769276023,0.230723977,0
101,P36-5D2,Epsilon,H,L104F,1.814121915,1,0.28,1,-0.127144,0,0.868185997,0.131814033,0
102,P36-5D2,Epsilon,H,Q105F,-0.423638061,0,-0.85,0,2.05317,1,0.589985013,0.410014987,0
103,P36-5D2,Epsilon,L,S30Y,0.063515276,1,0.6,1,0.922416,1,0.887749612,0.112250388,0
105,P36-5D2,Eta,H,T30P,0.185756846,1,-0.49,0,0.158847,1,0.804806709,0.195193306,0
106,P36-5D2,Eta,H,T31W,1.952916685,1,0.43,1,-2.87327,0,0.882374287,0.117625698,0
107,P36-5D2,Eta,H,Y32P,-0.801388945,0,-2.87,0,0.738892,1,0.873081267,0.126918748,0
108,P36-5D2,Eta,H,N52D,0.007901132,1,0.64,1,0.414271,1,0.857333004,0.14266701,0
109,P36-5D2,Eta,H,A53F,0.434965283,1,0.16,1,-3.08605,0,0.139953852,0.860046148,1
110,P36-5D2,Eta,H,N55L,0.216553365,1,-0.02,0,2.50172,1,0.150782585,0.849217415,1
111,P36-5D2,Eta,H,N57L,2.14793558,1,-0.06,0,1.17909,1,0.304858148,0.695141852,1
112,P36-5D2,Eta,H,G100P,-0.170804073,0,0.67,1,0.352795,1,0.904862165,0.095137827,0
113,P36-5D2,Eta,H,R103M,2.276141963,1,-1,0,1.58822,1,0.822403252,0.177596748,0
114,P36-5D2,Eta,H,L104F,1.449910523,1,0.02,1,-1.48467,0,0.873321891,0.126678079,0
115,P36-5D2,Eta,H,Q105F,-1.218582218,0,-0.6,0,1.83549,1,0.539361835,0.460638195,0
116,P36-5D2,Eta,L,S30Y,-0.038497662,0,0.6,1,0.800594,1,0.890687227,0.10931275,0
118,P36-5D2,N439K,H,T30P,0.022947974,1,-0.59,0,0.158847,1,0.802733481,0.197266519,0
119,P36-5D2,N439K,H,T31W,1.74152933,1,0.18,1,-2.34909,0,0.880898476,0.119101509,0
120,P36-5D2,N439K,H,Y32P,-1.261986286,0,-2.48,0,0.738892,1,0.873835862,0.126164153,0
121,P36-5D2,N439K,H,N52D,-0.393957438,0,0.48,1,-0.0654805,0,0.861030281,0.138969719,0
122,P36-5D2,N439K,H,A53F,0.581766882,1,0.3,1,-3.64996,0,0.138973236,0.861026764,1
123,P36-5D2,N439K,H,N55L,-0.266819468,0,0.2,1,1.91234,1,0.151483119,0.848516881,1
124,P36-5D2,N439K,H,N57L,2.257067803,1,0,0,1.12448,1,0.307985425,0.692014575,1
125,P36-5D2,N439K,H,G100P,0.057875138,1,0.67,1,0.352795,1,0.899959445,0.100040525,0
126,P36-5D2,N439K,H,R103M,2.336652513,1,-1,0,1.505,1,0.814236879,0.18576315,0
127,P36-5D2,N439K,H,L104F,1.619084722,1,0.02,1,-1.45007,0,0.876957953,0.12304204,0
128,P36-5D2,N439K,H,Q105F,-1.261986286,0,-0.6,0,1.82495,1,0.524214983,0.475785017,0
129,P36-5D2,N439K,L,S30Y,0.246744006,1,0.11,1,1.07723,1,0.890540481,0.109459527,0
131,R3P1-E4,WT,A,E101Q,,1,-1.81,0,-1.33612,0,0.879372776,0.120627217,0
132,R3P1-E4,WT,A,S232Y,,1,0.24,1,1.40563,1,0.843167722,0.156832263,0
133,R3P1-E4,WT,A,D98L,,0,-1.56,0,2.71656,1,0.881502151,0.118497871,0
135,R3P1-E4,B117,A,E101Q,,1,-1.98,0,-1.45056,0,0.879372776,0.120627217,0
136,R3P1-E4,B117,A,S232Y,,1,0.24,1,1.40085,1,0.84897095,0.15102905,0
137,R3P1-E4,B117,A,D98L,,1,-1.56,0,2.71656,1,0.884832263,0.115167767,0
139,R3P1-E4,B1351,A,E101Q,,1,-1.59,0,-1.14924,0,0.880208135,0.119791888,0
140,R3P1-E4,B1351,A,S232Y,,1,0.7,1,1.47522,1,0.840085566,0.159914449,0
141,R3P1-E4,B1351,A,D98L,,1,-1.52,0,2.91988,1,0.876339853,0.12366017,0
143,R3P1-E4,P1,A,E101Q,,1,-1.6,0,-1.1103,0,0.878554404,0.121445604,0
144,R3P1-E4,P1,A,S232Y,,1,0.72,1,1.47522,1,0.849947691,0.150052339,0
145,R3P1-E4,P1,A,D98L,,1,-1.61,0,2.92806,1,0.874792755,0.12520726,0
147,R3P1-E4,B1617,A,E101Q,,0,-1.93,0,-1.9972,0,0.903515995,0.096484005,0
148,R3P1-E4,B1617,A,S232Y,,1,0.3,1,1.74372,1,0.849979997,0.150019974,0
149,R3P1-E4,B1617,A,D98L,,0,-1.63,0,2.5243,1,0.864862323,0.135137692,0
